,ID,Mode,Phase,Runtime,Iteration,Best
0,bacae0af-fa01-47ad-9f93-8256c438d50e,fast,0|1|2|3|4|5|6|7|8|9|10|11|12|13|19|15|21|22|17|16|14|18|20,0.686,0,False
1,3e12d15b-9744-4a46-9879-5a930de75b08,fast,0|1|2|3|4|5|6|7|8|9|10|11|12|13|18|16|20|19|14|17|22|21|15,0.688,0,False
2,8795c4cf-5dce-4a59-b206-896cedeef071,fast,0|1|2|3|4|5|6|7|8|9|10|11|12|13|22|20|15|16|18|19|17|14|21,0.006959999999999999,0,False
3,df7db6b8-c888-4e83-ba9e-cd34379d5a83,fast,0|1|2|3|4|5|6|7|8|9|10|11|12|13|16|19|15|22|17|18|21|14|20,0.006730000000000001,0,False
4,7f86cb70-60a4-4d66-9954-ff172ddf0bf1,fast,0|1|2|3|4|5|6|7|8|9|10|11|12|13|15|16|17|18|21|19|20|14|22,0.69,0,False
5,75bdf080-4e73-47c5-a7ee-14dea30ccb0b,fast,0|1|2|3|4|5|6|7|8|9|10|11|12|14|18|22|16|13|17|21|20|19|15,0.00688,0,False
6,546f8d53-b0c8-4fe2-a377-498b9b04163f,fast,0|1|2|3|4|5|6|7|8|9|10|11|12|13|21|22|18|19|15|16|17|20|14,0.006939999999999999,0,False
7,05b2e465-f6b6-4abc-9433-31c06501937a,fast,0|1|2|3|4|5|6|7|8|9|10|11|12|21|20|19|13|18|17|14|15|22|16,0.0068200000000000005,0,False
8,8513ee32-78d6-45fa-be9b-d1deb71f0437,fast,0|1|2|3|4|5|6|7|8|9|10|11|12|16|20|19|14|15|22|18|13|17|21,0.006860000000000001,0,False
9,ecf50254-1c08-4624-ae05-7eb2de12440f,fast,0|1|2|3|4|5|6|7|8|9|10|11|12|16|20|19|17|22|14|18|21|15|13,0.006889999999999999,0,False
10,5ceabe45-d300-47c4-aba9-5ef0fb7c70f4,fast,0|1|2|3|4|5|6|7|8|9|10|11|12|17|19|21|15|20|14|13|16|22|18,0.0069099999999999995,0,False
11,31948ca9-55dc-4a7d-b339-fb538678e75a,fast,0|1|2|3|4|5|6|7|8|9|10|11|12|17|21|18|13|20|14|19|15|16|22,0.0068000000000000005,0,False
12,bae2bd9a-b38c-4382-8fa8-aab9a265897e,fast,0|1|2|3|4|5|6|7|8|9|10|11|12|20|15|19|13|14|16|21|22|18|17,0.006889999999999999,0,False
13,a73d0fa9-84cb-4f3e-960a-104d864a107c,fast,0|1|2|3|4|5|6|7|8|9|10|11|12|15|19|18|17|20|21|13|22|16|14,0.006730000000000001,0,False
14,624601d5-dbd8-4231-9ca2-5bf780889c88,fast,0|1|2|3|4|5|6|7|8|9|10|11|12|15|18|16|14|21|17|20|19|13|22,0.006770000000000001,0,False
15,614d4076-25b6-4aa5-a271-c7cd8176a193,fast,0|1|2|3|4|5|6|7|8|9|10|11|12|18|16|14|13|15|22|17|21|19|20,0.00676,0,False
16,65079372-1d92-40b8-8286-397acf5d2396,fast,0|1|2|3|4|5|6|7|8|9|10|11|12|20|21|16|18|17|22|13|19|14|15,0.006790000000000001,0,False
17,c28fb231-af16-4e0a-ad30-655a6b915a20,fast,0|1|2|3|4|5|6|7|8|9|10|11|12|17|18|14|16|21|22|20|15|19|13,0.006750000000000001,0,False
18,47490c5d-8f5f-49ad-82be-0bcbdb1353a9,fast,0|1|2|3|4|5|6|7|8|9|10|11|12|20|21|15|18|19|17|16|14|22|13,0.0075,0,False
19,f6061f6e-0171-421d-9d79-4d4309a3231b,fast,0|1|2|3|4|5|6|7|8|9|10|11|12|22|20|17|19|21|16|14|15|18|13,0.00697,0,False
20,adac2c4d-ab52-4a73-9dd7-c7ee086d0cea,fast,0|1|2|3|4|5|6|7|8|9|10|11|12|15|22|17|19|18|20|21|13|16|14,0.006889999999999999,0,False
21,3a06c0d8-7e3d-4b01-b573-62412cb16f8e,fast,0|1|2|3|4|5|6|7|8|9|10|11|12|13|21|14|15|20|19|18|22|17|16,0.00697,0,False
22,ad00360f-5260-4628-a1cd-30956d1ef886,fast,0|1|2|3|4|5|6|7|8|9|10|11|12|19|22|14|20|17|15|16|21|13|18,0.0068000000000000005,0,False
23,d97e96b8-4654-4e38-978b-74f61552ce4f,fast,0|1|2|3|4|5|6|7|8|9|10|11|12|21|20|15|14|13|18|16|19|22|17,0.006860000000000001,0,False
24,34c2c31a-b134-47b0-90a0-cfce47cf6d59,fast,0|1|2|3|4|5|6|7|8|9|10|11|12|13|20|15|17|21|19|18|16|22|14,0.006860000000000001,0,False
25,e446cf46-184a-41e1-bc33-9eff0260fd60,fast,0|1|2|3|4|5|6|7|8|9|10|11|12|18|15|20|14|17|13|22|16|21|19,0.006790000000000001,0,False
26,14c4735d-5110-4d54-9fb6-6ee29449a904,fast,0|1|2|3|4|5|6|7|8|9|10|11|12|21|17|13|16|15|22|14|19|20|18,0.0068000000000000005,0,False
27,bd3dc7cb-ec89-4c72-9559-47f27282a0b0,fast,0|1|2|3|4|5|6|7|8|9|10|11|12|17|20|13|15|22|21|19|14|16|18,0.006939999999999999,0,False
28,50fbaf17-84ac-4466-9eb5-57e6db418460,fast,0|1|2|3|4|5|6|7|8|9|10|11|12|20|18|13|16|17|21|19|14|22|15,0.00731,0,False
29,79e6b7d7-c976-4421-9492-d36b1106c117,fast,0|1|2|3|4|5|6|7|8|9|10|11|12|19|22|14|20|17|13|16|18|15|21,0.00685,0,False
30,9a85fee9-45c1-4f3a-9a45-3f545828be4b,fast,0|1|2|3|4|5|6|7|8|9|10|11|12|22|16|17|14|21|15|20|19|13|18,0.0068200000000000005,0,False
31,01367dbd-eec7-4c85-9917-6aeb18f01a3f,fast,0|1|2|3|4|5|6|7|8|9|10|11|12|18|17|15|16|22|13|20|19|21|14,0.00687,0,False
32,b0689fe3-1667-406b-ae65-d75833c84091,fast,0|1|2|3|4|5|6|7|8|9|10|11|12|14|22|13|18|16|21|17|15|20|19,0.006860000000000001,0,False
33,e90c2f2f-b44a-4311-b9f5-9eea32578a30,fast,0|1|2|3|4|5|6|7|8|9|10|11|12|20|22|14|21|16|13|19|18|17|15,0.0068000000000000005,0,False
34,b3a85d6c-a1fd-4b72-b8c0-26375ec6495f,fast,0|1|2|3|4|5|6|7|8|9|10|11|12|19|22|18|21|13|17|20|14|15|16,0.0069299999999999995,0,False
35,27f2ef55-9138-49f9-84bb-3e26b79966d2,fast,0|1|2|3|4|5|6|7|8|9|10|11|12|21|15|13|14|17|19|16|22|18|20,0.006939999999999999,0,False
36,784f93c4-b812-4cd7-bae6-7c96c689749c,fast,0|1|2|3|4|5|6|7|8|9|10|11|12|19|20|22|18|14|16|13|21|15|17,0.00674,0,False
37,41df1c5f-95a0-4846-8e5f-2f89708aecc3,fast,0|1|2|3|4|5|6|7|8|9|10|11|12|13|20|19|16|22|17|14|18|15|21,0.0068200000000000005,0,False
38,87db2a33-9509-4dcf-b4cd-5c65895a6646,fast,0|1|2|3|4|5|6|7|8|9|10|11|12|13|19|16|18|22|21|17|14|20|15,0.006860000000000001,0,False
39,8d5e1b37-1cfb-4aff-ab77-b6bcad717200,fast,0|1|2|3|4|5|6|7|8|9|10|11|12|15|17|21|16|18|22|14|19|20|13,0.00695,0,False
40,49243239-e444-421b-bf1c-f5926bf1c0b1,fast,0|1|2|3|4|5|6|7|8|9|10|11|12|22|19|14|16|21|15|13|20|17|18,0.006770000000000001,0,False
41,927d9867-5932-4811-8e6d-cdd1feadae19,fast,0|1|2|3|4|5|6|7|8|9|10|11|12|18|17|19|15|22|14|21|13|20|16,0.006730000000000001,0,False
42,de1c1821-67e3-43bb-b4f6-1880469a1eb7,fast,0|1|2|3|4|5|6|7|8|9|10|11|12|21|20|15|18|19|14|13|22|16|17,0.0067800000000000004,0,False
43,d7f0a029-38db-432a-b1f0-21e1bf99ad11,fast,0|1|2|3|4|5|6|7|8|9|10|11|12|18|22|13|21|19|15|17|20|14|16,0.006750000000000001,0,False
44,fde64696-b4da-4d84-84b8-0b9007f88d93,fast,0|1|2|3|4|5|6|7|8|9|10|11|12|21|22|14|18|19|15|17|16|13|20,0.00685,0,False
45,12f3be37-1f39-469d-9793-1408ed3f63a0,fast,0|1|2|3|4|5|6|7|8|9|10|11|12|20|16|18|13|19|22|15|17|21|14,0.006770000000000001,0,False
46,77be492d-8b8c-4497-8a83-a6eddae63437,fast,0|1|2|3|4|5|6|7|8|9|10|11|12|20|19|14|16|17|15|21|18|22|13,0.00695,0,False
47,8d14fd01-849e-4cdd-bc45-6d62ce86fc05,fast,0|1|2|3|4|5|6|7|8|9|10|11|12|22|20|18|19|16|14|21|13|15|17,0.006860000000000001,0,False
48,1f45b855-2a4d-4ca9-81b7-f9b4621b994f,fast,0|1|2|3|4|5|6|7|8|9|10|11|12|16|13|19|21|15|18|22|20|14|17,0.768,0,False
49,4bb77dd1-0a53-473d-862c-aa3e8b63e880,fast,0|1|2|3|4|5|6|7|8|9|10|11|12|20|17|22|15|13|16|19|18|14|21,0.006860000000000001,0,False
50,d00ae4e8-eeb0-42ac-8f75-e421ff7c4cc4,fast,0|1|2|3|4|5|6|7|8|9|10|11|12|21|18|13|17|20|15|16|14|22|19,0.00688,0,False
51,2075272f-5d0b-40b1-ae73-d769628c60f3,fast,0|1|2|3|4|5|6|7|8|9|10|11|12|18|17|20|13|15|16|21|14|22|19,0.00695,0,False
52,e78b216e-d4d9-471d-9963-83a9c943bc1f,fast,0|1|2|3|4|5|6|7|8|9|10|11|12|21|22|18|16|19|14|20|17|13|15,0.006840000000000001,0,False
53,82c9c5be-467e-424a-8c0e-ef55405a4041,fast,0|1|2|3|4|5|6|7|8|9|10|11|12|21|22|17|14|19|18|15|20|16|13,0.00783,0,False
54,3e82bce9-2bad-4644-9f27-ab85b627c151,fast,0|1|2|3|4|5|6|7|8|9|10|11|12|17|16|21|15|19|22|20|18|13|14,0.0068200000000000005,0,False
55,a45f9dd3-683a-4821-9a47-429dca979440,fast,0|1|2|3|4|5|6|7|8|9|10|11|12|20|17|13|14|22|18|19|21|16|15,0.0074,0,False
56,ac46a357-14c1-4c51-9264-405aa1dd95af,fast,0|1|2|3|4|5|6|7|8|9|10|11|12|21|15|20|13|22|17|14|19|18|16,0.00699,0,False
57,1f78fb4a-8a53-452b-887e-f0d60a3ffa85,fast,0|1|2|3|4|5|6|7|8|9|10|11|12|21|22|17|15|14|18|13|19|20|16,0.00728,0,False
58,b712ac00-ece2-4470-9aaa-edbd4fd9e750,fast,0|1|2|3|4|5|6|7|8|9|10|11|12|22|17|18|16|15|19|21|20|14|13,0.00732,0,False
59,74a9aba8-a7a6-45f5-a61c-644e68a1ab0f,fast,0|1|2|3|4|5|6|7|8|9|10|11|12|17|22|19|18|20|21|15|16|13|14,0.006770000000000001,0,False
60,8df39a21-b963-489c-b762-77877f4bd7a1,fast,0|1|2|3|4|5|6|7|8|9|10|11|12|21|16|13|14|18|22|15|19|20|17,0.008,0,False
61,b14fe48d-f15e-412b-adbc-2896d225d405,fast,0|1|2|3|4|5|6|7|8|9|10|11|12|19|22|21|14|16|20|15|18|13|17,0.006919999999999999,0,False
62,ec38bdec-efe4-4353-92ee-e651db721ee5,fast,0|1|2|3|4|5|6|7|8|9|10|11|12|15|17|22|13|18|20|21|19|14|16,0.0069099999999999995,0,False
63,909731ab-f783-445d-b541-de428a8591e9,fast,0|1|2|3|4|5|6|7|8|9|10|11|12|17|21|20|18|13|19|14|22|16|15,0.006919999999999999,0,False
64,115957e2-24d8-419d-abc9-dcfe76c5c36d,fast,0|1|2|3|4|5|6|7|8|9|10|11|12|18|22|17|21|19|16|15|20|13|14,0.006979999999999999,0,False
65,422c4eb0-bd5f-4848-9474-0a082de0857e,fast,0|1|2|3|4|5|6|7|8|9|10|11|12|18|21|14|13|15|22|19|16|17|20,0.007039999999999999,0,False
66,dbd219a1-0a6e-4375-930e-982c75cd54b7,fast,0|1|2|3|4|5|6|7|8|9|10|11|12|17|21|19|13|22|20|15|16|18|14,0.00687,0,False
67,dbc7d733-85c3-4cd5-941d-c36334c6fdee,fast,0|1|2|3|4|5|6|7|8|9|10|11|12|16|18|15|13|20|19|21|22|17|14,0.0069099999999999995,0,False
68,f6c32eab-e5e2-4e7a-9959-aa1389414083,fast,0|1|2|3|4|5|6|7|8|9|10|11|12|14|16|20|15|21|22|17|19|13|18,0.0069,0,False
69,eb411170-df62-474c-80fa-3dba227c4da9,fast,0|1|2|3|4|5|6|7|8|9|10|11|12|20|17|21|16|19|18|13|22|14|15,0.0068000000000000005,0,False
70,35e136e9-0d95-4059-91e8-a80d8a0cd885,fast,0|1|2|3|4|5|6|7|8|9|10|11|12|22|16|14|13|18|15|19|21|20|17,0.0068200000000000005,0,False
71,11642ffd-9c90-4415-9456-6817f1413bbe,fast,0|1|2|3|4|5|6|7|8|9|10|11|12|21|20|22|16|17|13|15|19|18|14,0.0068200000000000005,0,False
72,2171471f-3369-47ab-a879-350142cc97e4,fast,0|1|2|3|4|5|6|7|8|9|10|11|12|15|14|17|13|18|22|20|19|21|16,0.006889999999999999,0,False
73,00d1b5e4-4755-4bc3-91ef-0f6e2fdc7d21,fast,0|1|2|3|4|5|6|7|8|9|10|11|12|15|20|13|18|17|22|14|21|16|19,0.00687,0,False
74,0354dfbd-112b-4cea-8d68-22cc22251d21,fast,0|1|2|3|4|5|6|7|8|9|10|11|12|15|18|14|16|21|22|13|17|19|20,0.0069,0,False
75,87ac3f62-b3df-4f9b-897f-2c075f2effd5,fast,0|1|2|3|4|5|6|7|8|9|10|11|12|19|20|13|16|14|22|17|18|15|21,0.0072499999999999995,0,False
76,bf077d06-b5a9-4e0e-9d08-037350440546,fast,0|1|2|3|4|5|6|7|8|9|10|11|12|20|15|18|13|14|22|21|17|19|16,0.00685,0,False
77,7526f7cb-604a-4f54-8436-eca5c2831bb7,fast,0|1|2|3|4|5|6|7|8|9|10|11|12|20|17|14|15|22|16|21|18|19|13,0.00674,0,False
78,ff49de75-228f-416a-930c-e04ee04f6ff3,fast,0|1|2|3|4|5|6|7|8|9|10|11|12|21|19|18|16|20|22|17|14|15|13,0.006770000000000001,0,False
79,ea4d510d-fa92-4aff-af92-2add1890d93d,fast,0|1|2|3|4|5|6|7|8|9|10|11|12|14|16|17|15|22|13|20|21|18|19,0.00713,0,False
80,809b7b9d-9e50-4f2a-a744-22a42e31c171,fast,0|1|2|3|4|5|6|7|8|9|10|11|12|16|22|14|20|19|18|13|17|21|15,0.006939999999999999,0,False
81,7bc9b21a-a237-4425-bfbb-9dd44a0de0e8,fast,0|1|2|3|4|5|6|7|8|9|10|11|12|15|21|17|14|19|22|16|13|20|18,0.00766,0,False
82,1d7a4493-1b0c-4ef0-aab7-64886d7e31c1,fast,0|1|2|3|4|5|6|7|8|9|10|11|12|22|20|13|14|16|19|15|18|17|21,0.00676,0,False
83,845cab12-a723-4b38-85ee-01b05ec28615,fast,0|1|2|3|4|5|6|7|8|9|10|11|12|18|19|13|16|14|20|15|22|21|17,0.0072699999999999996,0,False
84,9c897183-b154-4167-be4c-135d90e13558,fast,0|1|2|3|4|5|6|7|8|9|10|11|12|17|22|13|14|18|19|15|20|16|21,0.00703,0,False
85,5431c407-c1d6-495b-879c-936f36061b1e,fast,0|1|2|3|4|5|6|7|8|9|10|11|12|21|20|17|19|18|22|13|14|15|16,0.0069,0,False
86,a437c6dc-eefd-4997-b571-089efee0da2e,fast,0|1|2|3|4|5|6|7|8|9|10|11|12|16|21|19|13|18|22|14|20|15|17,0.00681,0,False
87,f70eba70-d07c-4e46-9723-6aa42bff346d,fast,0|1|2|3|4|5|6|7|8|9|10|11|12|18|19|17|13|16|22|15|20|14|21,0.007209999999999999,0,False
88,61bf0431-85c3-48a9-8625-a943f5a9747b,fast,0|1|2|3|4|5|6|7|8|9|10|11|12|21|22|19|13|20|15|14|18|17|16,0.006889999999999999,0,False
89,9caa69ba-badc-4b65-b58e-c1dd5e49bf70,fast,0|1|2|3|4|5|6|7|8|9|10|11|12|22|20|15|16|17|14|13|21|19|18,0.00685,0,False
90,1f6f5176-b894-4c9d-981f-ae0b5ceb65e1,fast,0|1|2|3|4|5|6|7|8|9|10|11|12|19|17|20|14|16|18|22|21|15|13,0.006770000000000001,0,False
91,0f07d45e-c808-4269-95bc-4c04c810f578,fast,0|1|2|3|4|5|6|7|8|9|10|11|12|15|19|20|14|17|21|13|22|18|16,0.006919999999999999,0,False
92,17afcfed-ffeb-47ba-9dee-1c5a877afa06,fast,0|1|2|3|4|5|6|7|8|9|10|11|12|18|21|16|14|20|19|22|17|15|13,0.006889999999999999,0,False
93,36f25836-f2ba-4a95-9c82-e593459569aa,fast,0|1|2|3|4|5|6|7|8|9|10|11|12|22|19|21|16|17|14|20|15|18|13,0.00701,0,False
94,c11dbd83-40dc-4394-89b1-8c95da1a8bd3,fast,0|1|2|3|4|5|6|7|8|9|10|11|12|17|21|19|16|20|22|13|14|15|18,0.006860000000000001,0,False
95,1c6f55ad-fbdd-490d-a25d-c8cb1428651e,fast,0|1|2|3|4|5|6|7|8|9|10|11|12|20|18|16|14|19|21|13|17|22|15,0.0068200000000000005,0,False
96,67b27dba-5e46-4e9d-9cc4-46fa3534b672,fast,0|1|2|3|4|5|6|7|8|9|10|11|12|20|15|16|14|17|22|19|18|21|13,0.0068000000000000005,0,False
97,b91d12a7-cc97-4457-89af-f3a444cf5e9c,fast,0|1|2|3|4|5|6|7|8|9|10|11|12|16|18|20|15|19|22|13|14|17|21,0.00683,0,False
98,e8b29430-f3e2-4b6d-9d96-8a0fd02ab67c,fast,0|1|2|3|4|5|6|7|8|9|10|11|12|22|16|20|13|18|21|14|19|15|17,0.006860000000000001,0,False
99,4dbb988d-3d58-4dc4-838a-11ad3aec3458,fast,0|1|2|3|4|5|6|7|8|9|10|11|12|16|21|20|17|19|22|14|18|15|13,0.00687,0,False
100,878cdb90-5019-4c6c-93fb-eabe7b9dab2c,fast,0|1|2|3|4|5|6|7|8|9|10|11|12|18|22|13|16|21|19|20|15|17|14,0.00701,0,False
101,636e7a55-03b9-4364-9854-bfcdb6cd3b07,fast,0|1|2|3|4|5|6|7|8|9|10|11|12|16|22|13|15|21|20|18|19|17|14,0.0072699999999999996,0,False
102,672c665b-5de3-49cb-9169-b15bcbb15f73,fast,0|1|2|3|4|5|6|7|8|9|10|11|12|20|21|17|14|22|19|18|16|13|15,0.0076,0,False
103,21ff2334-4b5d-47f2-bb90-f275793b6c20,fast,0|1|2|3|4|5|6|7|8|9|10|11|12|13|18|19|17|20|16|14|22|15|21,0.006860000000000001,0,False
104,86a60e62-9eeb-4a14-901d-8b4d49345c76,fast,0|1|2|3|4|5|6|7|8|9|10|11|12|19|15|16|13|17|22|20|21|14|18,0.0069,0,False
105,d80a7ed2-35a7-48de-bc33-e87cc5461b06,fast,0|1|2|3|4|5|6|7|8|9|10|11|12|21|20|16|13|19|18|15|22|14|17,0.00685,0,False
106,ac60bf5c-6849-4611-9701-57aa0fc1a36e,fast,0|1|2|3|4|5|6|7|8|9|10|11|12|19|20|13|18|22|15|16|21|14|17,0.007940000000000001,0,False
107,73a31e7c-9fe3-4c22-a532-f21aabba7b33,fast,0|1|2|3|4|5|6|7|8|9|10|11|12|22|21|14|13|16|19|15|20|18|17,0.00728,0,False
108,43fb374a-b75e-465f-991b-37968dba19e5,fast,0|1|2|3|4|5|6|7|8|9|10|11|12|16|21|19|13|20|22|18|17|15|14,0.006860000000000001,0,False
109,08c71a7d-25de-4b91-b2cc-24bc452fee8f,fast,0|1|2|3|4|5|6|7|8|9|10|11|12|17|22|14|18|21|13|19|20|16|15,0.006790000000000001,0,False
110,5541c26c-98a3-46a7-9eef-ed35643f09dc,fast,0|1|2|3|4|5|6|7|8|9|10|11|12|13|21|14|18|22|17|20|19|15|16,0.00683,0,False
111,d5909a06-b19c-4171-baad-67687136ca5e,fast,0|1|2|3|4|5|6|7|8|9|10|11|12|16|21|13|20|17|15|18|14|22|19,0.006840000000000001,0,False
112,9ed7ad92-a2fe-4a7f-9472-6b7d36ec198f,fast,0|1|2|3|4|5|6|7|8|9|10|11|12|22|21|15|13|17|19|18|16|20|14,0.006959999999999999,0,False
113,01c14247-16f5-4396-9cc2-448ef7071c43,fast,0|1|2|3|4|5|6|7|8|9|10|11|12|21|15|16|13|17|22|18|20|14|19,0.006919999999999999,0,False
114,2739f1d9-a50c-4a76-b139-cae370d8da9b,fast,0|1|2|3|4|5|6|7|8|9|10|11|12|21|16|14|13|18|22|17|19|20|15,0.00699,0,False
115,618ab4a0-54e8-4705-9ec5-f1842c54db52,fast,0|1|2|3|4|5|6|7|8|9|10|11|12|21|15|16|13|20|18|14|17|22|19,0.00697,0,False
116,191f3ce1-1c74-4014-9212-5511d2042b68,fast,0|1|2|3|4|5|6|7|8|9|10|11|12|18|14|17|13|16|21|22|15|20|19,0.0067800000000000004,0,False
117,e461d179-96b0-441f-b7d1-e9c54f7559bb,fast,0|1|2|3|4|5|6|7|8|9|10|11|12|20|14|16|13|22|18|17|19|21|15,0.00681,0,False
118,7c9b4506-8a6b-4781-b54e-b5a3c475c6f1,fast,0|1|2|3|4|5|6|7|8|9|10|11|12|22|21|14|16|13|19|18|15|17|20,0.00724,0,False
119,296040bd-b08c-420f-bcf4-79abc66274c4,fast,0|1|2|3|4|5|6|7|8|9|10|11|12|17|16|15|13|21|20|14|22|18|19,0.0072299999999999994,0,False
120,3de014e2-b752-435f-8e7a-ce0ec474ea3d,fast,0|1|2|3|4|5|6|7|8|9|10|11|12|16|19|13|18|20|21|22|15|17|14,0.00683,0,False
121,2de46662-98ee-4dd9-9d2a-44c368d80aa7,fast,0|1|2|3|4|5|6|7|8|9|10|11|12|16|22|13|18|21|14|20|17|19|15,0.00687,0,False
122,f6460ff5-d55a-43b1-b66f-960b1690cfca,fast,0|1|2|3|4|5|6|7|8|9|10|11|12|17|22|13|20|21|18|16|15|14|19,0.00676,0,False
123,e759d6d7-59f1-4ffc-8817-4fd38d5131ef,fast,0|1|2|3|4|5|6|7|8|9|10|11|12|19|20|16|15|18|13|17|21|22|14,0.0069299999999999995,0,False
124,9e71c5ab-bfdf-4a89-b529-eb895d37d1bf,fast,0|1|2|3|4|5|6|7|8|9|10|11|12|16|19|15|18|20|21|13|14|22|17,0.00683,0,False
125,5502cdb0-2ad5-41a2-8689-3d261b51f56d,fast,0|1|2|3|4|5|6|7|8|9|10|11|12|18|22|13|14|21|16|19|15|17|20,0.00672,0,False
126,993f825f-d021-4de8-96b7-24e53abf222e,fast,0|1|2|3|4|5|6|7|8|9|10|11|12|14|18|16|15|20|22|21|13|19|17,0.0068000000000000005,0,False
127,5e3ddf07-860c-41b8-83fb-88cd17be6709,fast,0|1|2|3|4|5|6|7|8|9|10|11|12|21|20|13|15|22|16|19|18|14|17,0.006840000000000001,0,False
128,da09461f-622b-4ff3-a82e-b911a9f1b13c,fast,0|1|2|3|4|5|6|7|8|9|10|11|12|15|17|14|13|20|16|21|19|22|18,0.00687,0,False
129,ad88d749-348b-485f-adb6-474b399faa74,fast,0|1|2|3|4|5|6|7|8|9|10|11|12|22|20|19|13|14|17|18|15|21|16,0.0074199999999999995,0,False
130,958e1d57-85a0-4f10-809c-d87956cb36d7,fast,0|1|2|3|4|5|6|7|8|9|10|11|12|21|15|17|14|22|13|20|19|16|18,0.00688,0,False
131,12957728-9f6b-4675-aa58-c98bccb4f38e,fast,0|1|2|3|4|5|6|7|8|9|10|11|12|17|18|20|14|22|15|13|21|16|19,0.007169999999999999,0,False
132,3b8c7b01-8ac3-4917-ada5-aa9682d9bac5,fast,0|1|2|3|4|5|6|7|8|9|10|11|12|17|20|18|15|19|14|16|21|13|22,0.00681,0,False
133,fa11b5ac-7e04-4c64-8abe-a575feb4ad98,fast,0|1|2|3|4|5|6|7|8|9|10|11|12|21|18|16|14|17|20|15|19|22|13,0.0069,0,False
134,20b8896d-e371-4734-8985-ab79ebd0e5da,fast,0|1|2|3|4|5|6|7|8|9|10|11|12|13|22|15|17|20|16|14|18|21|19,0.006889999999999999,0,False
135,e90561cc-1426-4520-bd2f-a138366db0dd,fast,0|1|2|3|4|5|6|7|8|9|10|11|12|17|22|16|15|20|13|19|14|18|21,0.00685,0,False
136,b0b16965-27c9-4ccc-ab40-47eeca0fab1c,fast,0|1|2|3|4|5|6|7|8|9|10|11|12|20|18|15|13|22|21|16|19|17|14,0.0068000000000000005,0,False
137,e1d8643f-4e54-4bfb-b29d-7eeb89b78c2d,fast,0|1|2|3|4|5|6|7|8|9|10|11|12|22|19|18|13|20|17|16|14|21|15,0.00687,0,False
138,b8e37d42-f4a1-4372-8878-e2b309e1f965,fast,0|1|2|3|4|5|6|7|8|9|10|11|12|22|18|14|17|16|15|13|20|21|19,0.006979999999999999,0,False
139,62c3d7f5-6986-49cc-bc67-3048771aa863,fast,0|1|2|3|4|5|6|7|8|9|10|11|12|22|21|15|20|18|16|13|17|19|14,0.00695,0,False
140,7c874896-1adf-4958-9b4f-1196566dfbb2,fast,0|1|2|3|4|5|6|7|8|9|10|11|12|19|16|14|13|21|22|17|18|20|15,0.006889999999999999,0,False
141,5964fe7e-4ed8-4a17-bf07-cef2138e4cab,fast,0|1|2|3|4|5|6|7|8|9|10|11|12|22|17|19|16|21|20|18|13|14|15,0.00695,0,False
142,22f56a60-1ff9-45f9-b12f-3c33c9dc3a59,fast,0|1|2|3|4|5|6|7|8|9|10|11|12|22|16|14|15|18|17|19|20|21|13,0.00703,0,False
143,437af251-1914-4ae1-a24b-6479fc8e7942,fast,0|1|2|3|4|5|6|7|8|9|10|11|12|20|19|18|15|21|17|13|16|22|14,0.00728,0,False
144,02080f68-3a1c-43e4-bea0-322573b06364,fast,0|1|2|3|4|5|6|7|8|9|10|11|12|22|21|19|18|16|13|15|20|14|17,0.00695,0,False
145,b7e0e59a-e9f3-4cbc-bf3c-fb1ea93812df,fast,0|1|2|3|4|5|6|7|8|9|10|11|12|14|16|13|15|17|20|21|19|18|22,0.00772,0,False
146,9663ca21-394f-4558-802d-1e0e4c59ea34,fast,0|1|2|3|4|5|6|7|8|9|10|11|12|17|19|16|14|20|21|13|22|18|15,0.006999999999999999,0,False
147,5c5b8dfe-91cd-484f-9b4f-13af4546482d,fast,0|1|2|3|4|5|6|7|8|9|10|11|12|19|20|17|16|22|18|13|14|15|21,0.00674,0,False
148,b18e679e-ff21-47e2-b2eb-437509c42a2f,fast,0|1|2|3|4|5|6|7|8|9|10|11|12|22|18|15|14|20|16|19|21|17|13,0.0069099999999999995,0,False
149,7dd41183-b4a9-47b8-a796-14e0e4cf90be,fast,0|1|2|3|4|5|6|7|8|9|10|11|12|20|19|14|15|18|17|16|22|13|21,0.00715,0,False
150,bf12ad73-6d9a-4af3-992f-229363c828a7,fast,0|1|2|3|4|5|6|7|8|9|10|11|12|19|17|20|15|16|22|13|14|18|21,0.007039999999999999,0,False
151,e32a1a1b-9166-4445-a4ed-a183f9ea081f,fast,0|1|2|3|4|5|6|7|8|9|10|11|12|13|16|15|14|19|22|18|17|21|20,0.0067800000000000004,0,False
152,f6a2f80e-272b-42b9-aa12-f130d759f8dc,fast,0|1|2|3|4|5|6|7|8|9|10|11|12|18|21|16|13|14|22|15|20|19|17,0.006770000000000001,0,False
153,acc80329-5bf9-4a56-a7b5-eb59749c0832,fast,0|1|2|3|4|5|6|7|8|9|10|11|12|18|22|14|20|19|21|15|13|16|17,0.0069,0,False
154,76f68332-efc7-4f42-bd7d-83ffd1b09927,fast,0|1|2|3|4|5|6|7|8|9|10|11|12|14|19|21|18|20|15|22|13|16|17,0.00676,0,False
155,d54e19a1-f0ef-4800-b506-6a1c834dd9ca,fast,0|1|2|3|4|5|6|7|8|9|10|11|12|15|17|13|16|18|14|20|19|22|21,0.00699,0,False
156,ed6aef4c-13c7-4660-b376-9d29e70dbf73,fast,0|1|2|3|4|5|6|7|8|9|10|11|12|17|18|14|13|16|22|20|15|21|19,0.0067800000000000004,0,False
157,d9330553-46bd-4e5d-8ce2-05b884d508c2,fast,0|1|2|3|4|5|6|7|8|9|10|11|12|18|19|15|16|21|22|13|14|20|17,0.00674,0,False
158,2f508396-544f-4b75-994f-7e195ae69dbd,fast,0|1|2|3|4|5|6|7|8|9|10|11|12|20|21|15|17|22|13|16|14|18|19,0.00687,0,False
159,00b362f8-f7ef-475f-8605-a50fdd2a7240,fast,0|1|2|3|4|5|6|7|8|9|10|11|12|15|21|13|18|22|14|19|20|16|17,0.00688,0,False
160,b14c4539-5999-4e25-ab75-9361433ca1a3,fast,0|1|2|3|4|5|6|7|8|9|10|11|12|13|20|18|15|14|17|21|16|22|19,0.007189999999999999,0,False
161,d2d76241-2d6d-4626-90b5-edcddf64649e,fast,0|1|2|3|4|5|6|7|8|9|10|11|12|18|20|13|14|17|16|22|19|15|21,0.0069299999999999995,0,False
162,ac00fc35-166e-4def-b4a3-ce5af98d1e05,fast,0|1|2|3|4|5|6|7|8|9|10|11|12|21|22|15|16|20|17|19|18|13|14,0.00697,0,False
163,1b9dd241-2036-4b95-a68f-9a5249c2f9dd,fast,0|1|2|3|4|5|6|7|8|9|10|11|12|13|20|18|17|21|15|22|19|14|16,0.00718,0,False
164,96f19965-070f-4e55-b597-a82153ccac7a,fast,0|1|2|3|4|5|6|7|8|9|10|11|12|16|18|19|15|20|22|14|13|21|17,0.0067800000000000004,0,False
165,d490a7c8-7c0c-40ae-9739-1c36aefa8547,fast,0|1|2|3|4|5|6|7|8|9|10|11|12|19|20|17|14|22|18|21|13|15|16,0.007169999999999999,0,False
166,5660a049-963a-46fc-b88f-a72d5f7c8ec5,fast,0|1|2|3|4|5|6|7|8|9|10|11|12|14|16|18|13|17|19|15|21|20|22,0.0072699999999999996,0,False
167,7a2e4cb6-1710-4dd4-af32-25037adab81b,fast,0|1|2|3|4|5|6|7|8|9|10|11|12|22|17|13|16|20|15|14|21|19|18,0.0069,0,False
168,16d2fbec-a541-4131-9917-7bd2bb311e7c,fast,0|1|2|3|4|5|6|7|8|9|10|11|12|15|22|14|13|18|21|20|16|19|17,0.00699,0,False
169,3664b747-3694-4001-8d96-3051c9f6ee4b,fast,0|1|2|3|4|5|6|7|8|9|10|11|12|14|21|17|16|20|19|15|13|22|18,0.006939999999999999,0,False
170,193649b8-8ae4-49f1-937f-4f1925ec71bd,fast,0|1|2|3|4|5|6|7|8|9|10|11|12|18|16|14|13|17|22|19|15|20|21,0.006939999999999999,0,False
171,28a720fc-274a-461a-931d-8890ae3b8f42,fast,0|1|2|3|4|5|6|7|8|9|10|11|12|22|15|13|14|20|21|18|16|17|19,0.006959999999999999,0,False
172,8bea488a-5729-4b88-933d-1f550f8294bf,fast,0|1|2|3|4|5|6|7|8|9|10|11|12|15|21|13|17|18|20|16|22|14|19,0.00676,0,False
173,75809166-ab5e-45c4-b184-99c45c3e721d,fast,0|1|2|3|4|5|6|7|8|9|10|11|12|20|21|14|18|15|13|22|19|17|16,0.006959999999999999,0,False
174,cca90196-003a-4bfa-acab-e22c454800d0,fast,0|1|2|3|4|5|6|7|8|9|10|11|12|18|16|17|13|19|20|21|14|22|15,0.006959999999999999,0,False
175,561ba7ed-1924-4795-9e32-05c3e2cd85e0,fast,0|1|2|3|4|5|6|7|8|9|10|11|12|20|22|15|18|21|14|16|19|13|17,0.00681,0,False
176,d38224e0-b810-40d0-84b3-31fe80210e77,fast,0|1|2|3|4|5|6|7|8|9|10|11|12|18|21|15|17|22|13|20|19|16|14,0.006770000000000001,0,False
177,03e2ec35-6159-4a55-b143-d2f73ba812e0,fast,0|1|2|3|4|5|6|7|8|9|10|11|12|15|17|16|14|19|20|21|13|22|18,0.006889999999999999,0,False
178,e75fa784-0fcb-4d6f-a276-a790477432e4,fast,0|1|2|3|4|5|6|7|8|9|10|11|12|20|19|15|14|22|13|16|21|18|17,0.0076300000000000005,0,False
179,d15949fb-f6d4-4cde-89bd-eb98e0fb8262,fast,0|1|2|3|4|5|6|7|8|9|10|11|12|17|21|20|13|14|16|18|22|15|19,0.006790000000000001,0,False
180,fb45a99f-f8a1-466d-8fa1-eba4fd211c7f,fast,0|1|2|3|4|5|6|7|8|9|10|11|12|18|22|13|16|21|15|20|19|14|17,0.006840000000000001,0,False
181,7f30967d-4e1e-4527-a5a1-41ae0ebc55ca,fast,0|1|2|3|4|5|6|7|8|9|10|11|12|17|21|15|18|13|14|19|22|16|20,0.0068000000000000005,0,False
182,0e0770ad-8031-4c8b-82c5-6db734dd748d,fast,0|1|2|3|4|5|6|7|8|9|10|11|12|19|22|14|16|21|13|20|18|17|15,0.00718,0,False
183,64ac09a2-79eb-4bcc-b1e1-18afac03a412,fast,0|1|2|3|4|5|6|7|8|9|10|11|12|21|18|16|17|22|13|20|15|14|19,0.00681,0,False
184,b0224e91-1c52-4bb0-a698-b8544eb58f96,fast,0|1|2|3|4|5|6|7|8|9|10|11|12|18|20|14|19|22|16|13|17|21|15,0.006959999999999999,0,False
185,70932303-3009-4069-a542-5f179e955ed0,fast,0|1|2|3|4|5|6|7|8|9|10|11|12|16|20|15|18|22|21|14|19|13|17,0.00697,0,False
186,23ce7365-4041-470e-9775-a46f6de8230c,fast,0|1|2|3|4|5|6|7|8|9|10|11|12|19|22|16|14|17|18|13|21|15|20,0.006999999999999999,0,False
187,88a0eb70-dc6f-4d6f-9856-071d54fe487d,fast,0|1|2|3|4|5|6|7|8|9|10|11|12|15|19|14|16|21|22|18|13|17|20,0.006889999999999999,0,False
188,b83bad76-9b01-4110-a6bb-0cac6d79043b,fast,0|1|2|3|4|5|6|7|8|9|10|11|12|20|16|13|15|18|14|17|19|21|22,0.00688,0,False
189,d0927655-f489-4f04-a34f-f074b0fd7f52,fast,0|1|2|3|4|5|6|7|8|9|10|11|12|22|17|14|16|19|21|18|20|15|13,0.0068000000000000005,0,False
190,39403ba1-c903-47f8-9a06-9d614ed69355,fast,0|1|2|3|4|5|6|7|8|9|10|11|12|20|21|13|17|22|16|15|14|19|18,0.0067800000000000004,0,False
191,0c0f17a3-8ab9-4b8b-91ae-ab6f3a777396,fast,0|1|2|3|4|5|6|7|8|9|10|11|12|18|17|14|15|19|20|16|21|22|13,0.0072699999999999996,0,False
192,2df2d7ff-f842-4609-a58b-ad1801c9cd80,fast,0|1|2|3|4|5|6|7|8|9|10|11|12|15|20|16|18|13|21|22|14|17|19,0.00712,0,False
193,28c898f3-656b-42dc-b0ab-9557df17a501,fast,0|1|2|3|4|5|6|7|8|9|10|11|12|18|20|17|14|22|19|16|21|13|15,0.0070799999999999995,0,False
194,56b8f585-0261-4ac1-996d-8ff96183577a,fast,0|1|2|3|4|5|6|7|8|9|10|11|12|18|21|13|14|15|20|16|17|19|22,0.0069299999999999995,0,False
195,810d564c-a707-48d0-8fdc-9bcd71be48cb,fast,0|1|2|3|4|5|6|7|8|9|10|11|12|20|21|17|13|16|15|19|14|22|18,0.00705,0,False
196,5abd0954-f761-48a5-83c9-0ff0cc47b94f,fast,0|1|2|3|4|5|6|7|8|9|10|11|12|13|17|15|16|21|20|14|18|19|22,0.006860000000000001,0,False
197,7a116499-be90-41d5-9458-04bfa8b30cdf,fast,0|1|2|3|4|5|6|7|8|9|10|11|12|16|15|20|14|19|21|18|22|17|13,0.006939999999999999,0,False
198,bb4db707-cefd-46ed-b384-23d230b1bbe1,fast,0|1|2|3|4|5|6|7|8|9|10|11|12|21|18|14|15|22|19|13|20|16|17,0.00681,0,False
199,41419ffb-b0b5-44cc-a08e-6bcb4f2e2a6e,fast,0|1|2|3|4|5|6|7|8|9|10|11|12|13|18|16|15|22|21|20|14|19|17,0.00687,0,False
200,49d28cd1-ac77-4d60-9a69-0a5d23b0401e,fast,0|1|2|3|4|5|6|7|8|9|10|11|12|21|18|13|14|19|20|17|15|22|16,0.00758,0,False
201,3524750d-fc6b-4342-9853-e80e62c04dd9,fast,0|1|2|3|4|5|6|7|8|9|10|11|12|19|16|13|15|22|18|21|14|20|17,0.00729,0,False
202,c66535cd-9391-4319-a609-acb4aeabdc50,fast,0|1|2|3|4|5|6|7|8|9|10|11|12|18|22|14|13|19|17|15|20|21|16,0.007039999999999999,0,False
203,5446f7af-27aa-4c3d-94fb-f190ac5f417e,fast,0|1|2|3|4|5|6|7|8|9|10|11|12|21|22|14|17|18|19|13|20|15|16,0.0069299999999999995,0,False
204,e98f825c-be24-409f-bebd-6ddf0ade9291,fast,0|1|2|3|4|5|6|7|8|9|10|11|12|17|20|22|14|19|21|15|16|18|13,0.0068000000000000005,0,False
205,8bfdf99b-cc32-450f-9c4d-6b4d8874c42e,fast,0|1|2|3|4|5|6|7|8|9|10|11|12|19|18|15|16|14|21|13|20|17|22,0.0069299999999999995,0,False
206,5372b432-0669-4702-b05d-a40d1fccc7fe,fast,0|1|2|3|4|5|6|7|8|9|10|11|12|14|18|19|16|20|13|15|21|17|22,0.0068200000000000005,0,False
207,706c6106-6ea5-46ab-a0c0-dd33e9afc340,fast,0|1|2|3|4|5|6|7|8|9|10|11|12|18|20|19|14|17|15|22|21|16|13,0.006939999999999999,0,False
208,cf548951-3e2e-4fdc-95a3-0df2115a2bf3,fast,0|1|2|3|4|5|6|7|8|9|10|11|12|21|17|14|16|18|22|20|19|13|15,0.00711,0,False
209,60370a04-883e-4ec3-b827-80779d2da275,fast,0|1|2|3|4|5|6|7|8|9|10|11|12|20|17|14|13|15|19|18|16|21|22,0.0068000000000000005,0,False
210,acdf3de1-1bc6-44fa-8de6-664c4299fcb5,fast,0|1|2|3|4|5|6|7|8|9|10|11|12|21|15|14|13|18|19|16|17|22|20,0.00705,0,False
211,261b129b-d5c4-4d5c-9f47-cd89b4a738c6,fast,0|1|2|3|4|5|6|7|8|9|10|11|12|19|20|18|16|14|13|21|15|17|22,0.007209999999999999,0,False
212,7aebd201-93af-4c29-91d6-6fd73be686f5,fast,0|1|2|3|4|5|6|7|8|9|10|11|12|16|17|13|15|22|14|20|19|18|21,0.0067800000000000004,0,False
213,aac2182a-1479-4313-8923-1af1b32132b4,fast,0|1|2|3|4|5|6|7|8|9|10|11|12|17|19|14|15|13|16|20|21|18|22,0.00695,0,False
214,edae5887-a42b-41d4-a63d-58cf6be110f0,fast,0|1|2|3|4|5|6|7|8|9|10|11|12|18|21|19|16|14|17|22|20|13|15,0.006860000000000001,0,False
215,ee6f40ec-9634-437d-b3cf-8b658405473b,fast,0|1|2|3|4|5|6|7|8|9|10|11|12|21|17|14|15|22|13|18|16|20|19,0.006840000000000001,0,False
216,a206ba0b-eacf-4ccb-8334-2c47523bc108,fast,0|1|2|3|4|5|6|7|8|9|10|11|12|19|18|22|13|16|15|17|20|14|21,0.00695,0,False
217,d07d9ac5-2a43-43b6-805f-c64661916525,fast,0|1|2|3|4|5|6|7|8|9|10|11|12|17|19|16|15|22|18|20|14|13|21,0.00703,0,False
218,4643aeb9-11cf-42d5-8587-5e3ae32a58aa,fast,0|1|2|3|4|5|6|7|8|9|10|11|12|15|18|17|14|22|13|20|16|19|21,0.00697,0,False
219,5e074d53-10f3-41a9-8f78-5bb6255110bb,fast,0|1|2|3|4|5|6|7|8|9|10|11|12|17|20|15|14|21|18|16|19|13|22,0.007209999999999999,0,False
220,ab7352fc-9701-4cc0-9e27-b147e5524871,fast,0|1|2|3|4|5|6|7|8|9|10|11|12|13|20|22|16|14|15|18|19|17|21,0.0068000000000000005,0,False
221,4c511860-4e64-4818-b907-b12a61beec6a,fast,0|1|2|3|4|5|6|7|8|9|10|11|12|16|14|18|13|20|15|17|21|19|22,0.00701,0,False
222,5edb3cd5-269d-45da-a793-4ff7744da462,fast,0|1|2|3|4|5|6|7|8|9|10|11|12|18|17|14|15|20|22|13|16|21|19,0.006889999999999999,0,False
223,24eb6bf7-e9b0-47cc-a027-6f503a43acd8,fast,0|1|2|3|4|5|6|7|8|9|10|11|12|16|20|14|19|21|17|18|15|13|22,0.0068000000000000005,0,False
224,07961532-9b13-47bc-9c17-2344d2314a37,fast,0|1|2|3|4|5|6|7|8|9|10|11|12|14|20|13|19|22|17|21|15|16|18,0.00695,0,False
225,4295ca73-d08e-44f8-8a24-7566a0845318,fast,0|1|2|3|4|5|6|7|8|9|10|11|12|15|20|18|16|22|19|17|13|14|21,0.0068200000000000005,0,False
226,a62352d9-d19d-47c5-87af-64d68cdacbfd,fast,0|1|2|3|4|5|6|7|8|9|10|11|12|18|19|15|14|16|21|17|13|22|20,0.00707,0,False
227,cb21afbf-6e97-4a9b-96b4-76789bf9ea46,fast,0|1|2|3|4|5|6|7|8|9|10|11|12|18|21|22|15|16|20|17|13|19|14,0.00701,0,False
228,c95025f1-7889-4c6d-84aa-85897ac6855b,fast,0|1|2|3|4|5|6|7|8|9|10|11|12|15|22|14|21|17|16|18|13|19|20,0.0069299999999999995,0,False
229,8070bde0-5821-41f8-a7ea-aba9074429fe,fast,0|1|2|3|4|5|6|7|8|9|10|11|12|14|21|13|15|19|22|17|16|20|18,0.00774,0,False
230,90b0bfe7-8092-4658-8c97-9988e6669b52,fast,0|1|2|3|4|5|6|7|8|9|10|11|12|22|20|14|19|16|18|15|21|17|13,0.0076300000000000005,0,False
231,f850529f-8852-413f-abc9-5207e2b2d8bd,fast,0|1|2|3|4|5|6|7|8|9|10|11|12|20|21|19|18|22|16|17|15|14|13,0.006889999999999999,0,False
232,540a4148-1565-43a3-8196-cd118d5f170b,fast,0|1|2|3|4|5|6|7|8|9|10|11|12|21|22|14|17|20|18|15|16|13|19,0.00688,0,False
233,59c6b4b9-cd83-469e-8f31-2f5332c98557,fast,0|1|2|3|4|5|6|7|8|9|10|11|12|16|22|14|20|21|17|18|19|15|13,0.006999999999999999,0,False
234,9a643c4f-7da3-46e6-ba46-ed620176638c,fast,0|1|2|3|4|5|6|7|8|9|10|11|12|20|19|13|17|21|15|16|18|14|22,0.00699,0,False
235,f32aaf33-92ba-40be-9670-ef0a09408e8b,fast,0|1|2|3|4|5|6|7|8|9|10|11|12|16|18|19|17|22|15|20|21|14|13,0.00741,0,False
236,239fcd60-760c-4a3b-b1a0-59e42fa1f189,fast,0|1|2|3|4|5|6|7|8|9|10|11|12|17|19|13|16|21|14|15|22|20|18,0.006979999999999999,0,False
237,5465fa88-ea18-4351-b981-e3e31c6efb89,fast,0|1|2|3|4|5|6|7|8|9|10|11|12|19|20|15|17|18|14|16|21|13|22,0.00825,0,False
238,eb23562d-daeb-4247-9c68-01b1da0dc540,fast,0|1|2|3|4|5|6|7|8|9|10|11|12|14|20|13|17|21|22|19|16|18|15,0.00724,0,False
239,71066d54-ba1c-4bf1-aacb-fa9363c69714,fast,0|1|2|3|4|5|6|7|8|9|10|11|12|20|17|18|13|21|22|15|16|19|14,0.006979999999999999,0,False
240,ec65b951-50f9-4529-a9e1-8c39acfbc013,fast,0|1|2|3|4|5|6|7|8|9|10|11|12|18|22|14|16|19|20|13|21|17|15,0.0072699999999999996,0,False
241,86cbe9d0-1e55-42aa-9bb7-0cf03d40691f,fast,0|1|2|3|4|5|6|7|8|9|10|11|12|15|17|13|14|16|21|22|20|19|18,0.006860000000000001,0,False
242,f41cb171-a737-4f14-a2dd-fdbaa10122bb,fast,0|1|2|3|4|5|6|7|8|9|10|11|12|20|21|14|15|18|13|17|22|16|19,0.006790000000000001,0,False
243,29531320-acd2-43c4-8cb8-b37389650903,fast,0|1|2|3|4|5|6|7|8|9|10|11|12|14|19|17|13|22|15|18|21|16|20,0.006889999999999999,0,False
244,b1b76fbe-3c9a-4ae8-bc02-e53ead6cf6d0,fast,0|1|2|3|4|5|6|7|8|9|10|11|12|13|21|16|15|20|22|18|14|19|17,0.006919999999999999,0,False
245,c31ae278-0976-4a96-aadd-9013acec6fee,fast,0|1|2|3|4|5|6|7|8|9|10|11|12|19|22|16|17|15|14|13|18|21|20,0.006939999999999999,0,False
246,92d096a7-e15b-4498-9c47-b7c67a706655,fast,0|1|2|3|4|5|6|7|8|9|10|11|12|15|20|14|19|22|16|18|21|13|17,0.0070999999999999995,0,False
247,f78aac4c-4096-42c1-844e-750d8f6fcacb,fast,0|1|2|3|4|5|6|7|8|9|10|11|12|16|21|20|19|15|18|14|17|13|22,0.006959999999999999,0,False
248,e16ebbcf-4a2d-4a66-b299-2910b81dfce8,fast,0|1|2|3|4|5|6|7|8|9|10|11|12|22|18|16|15|19|17|14|20|21|13,0.00687,0,False
249,c3b0ea5d-75c4-44a7-9154-11783acb2705,fast,0|1|2|3|4|5|6|7|8|9|10|11|12|17|21|13|20|22|14|15|18|19|16,0.006919999999999999,0,False
250,ff7b80a6-1844-4887-ab4a-279c67599fa3,fast,0|1|2|3|4|5|6|7|8|9|10|11|12|22|18|14|16|19|20|15|17|13|21,0.00687,0,False
251,a317167a-6959-484d-b947-603d78d8db49,fast,0|1|2|3|4|5|6|7|8|9|10|11|12|18|19|17|13|21|14|20|22|15|16,0.00674,0,False
252,ee0ba319-522d-4c45-a621-b11ded4a7828,fast,0|1|2|3|4|5|6|7|8|9|10|11|12|13|21|16|18|20|19|17|15|14|22,0.006919999999999999,0,False
253,8ea2ef88-d5cc-486a-9c12-661e4c0afdff,fast,0|1|2|3|4|5|6|7|8|9|10|11|12|22|18|17|14|19|21|15|16|20|13,0.00739,0,False
254,11c388ca-5a41-45c5-a98f-08b0c4d231a7,fast,0|1|2|3|4|5|6|7|8|9|10|11|12|17|20|14|15|13|18|21|22|16|19,0.00685,0,False
255,c5dc0d85-a76e-4ae6-94d2-243b812d6e79,fast,0|1|2|3|4|5|6|7|8|9|10|11|12|21|18|16|17|20|14|13|22|15|19,0.00695,0,False
256,a1d3d82c-0244-436a-90ef-bbe78d5eef30,fast,0|1|2|3|4|5|6|7|8|9|10|11|12|22|15|21|13|20|16|17|18|14|19,0.006959999999999999,0,False
257,65885f9f-e948-4870-bfb8-1fe27cd8574a,fast,0|1|2|3|4|5|6|7|8|9|10|11|12|19|21|13|18|14|17|16|20|15|22,0.0069299999999999995,0,False
258,b7fe441e-eae6-4f0a-91aa-42a5fd5831b1,fast,0|1|2|3|4|5|6|7|8|9|10|11|12|15|16|17|14|19|22|18|20|13|21,0.00687,0,False
259,93e6dd0d-3f99-4262-b722-a3ad5f6510cf,fast,0|1|2|3|4|5|6|7|8|9|10|11|12|22|21|13|16|19|15|20|17|14|18,0.006979999999999999,0,False
260,b71e0241-43dc-4d14-9ba6-bacc61b66377,fast,0|1|2|3|4|5|6|7|8|9|10|11|12|17|20|14|19|18|16|22|21|13|15,0.006959999999999999,0,False
261,98ef8a53-ed75-436c-a42b-336de4f0e310,fast,0|1|2|3|4|5|6|7|8|9|10|11|12|19|21|18|14|20|22|17|16|13|15,0.00676,0,False
262,5ebfb0b2-23ca-4950-baad-4ac8e870da5f,fast,0|1|2|3|4|5|6|7|8|9|10|11|12|15|19|13|16|21|17|22|20|14|18,0.0067800000000000004,0,False
263,2bce245e-8374-44e1-92de-c4c826eb5a2b,fast,0|1|2|3|4|5|6|7|8|9|10|11|12|17|21|19|18|20|13|16|22|15|14,0.0068000000000000005,0,False
264,70f1ae5d-f43e-49f4-891e-9bd48c368fef,fast,0|1|2|3|4|5|6|7|8|9|10|11|12|19|17|21|15|16|14|22|20|13|18,0.006999999999999999,0,False
265,60f73bd4-9b91-4823-94a5-1eb285cffa0d,fast,0|1|2|3|4|5|6|7|8|9|10|11|12|18|16|14|13|22|17|19|20|15|21,0.00688,0,False
266,ea53ea67-5b02-427d-90d4-5f65774686f9,fast,0|1|2|3|4|5|6|7|8|9|10|11|12|17|21|19|14|13|22|16|18|20|15,0.006790000000000001,0,False
267,68105d35-b4da-434e-baf1-357416db0b3f,fast,0|1|2|3|4|5|6|7|8|9|10|11|12|18|19|14|13|17|22|16|15|21|20,0.0072499999999999995,0,False
268,477428cf-9dfc-4e09-b428-290ebebe0a57,fast,0|1|2|3|4|5|6|7|8|9|10|11|12|21|17|16|15|14|13|19|18|22|20,0.0069299999999999995,0,False
269,5dd8723f-8103-47e1-ae48-66a63e591317,fast,0|1|2|3|4|5|6|7|8|9|10|11|12|18|14|15|13|17|20|19|21|16|22,0.00687,0,False
270,7717296e-231d-4edb-adf4-7ae470d465a4,fast,0|1|2|3|4|5|6|7|8|9|10|11|12|18|20|13|16|22|21|15|14|19|17,0.00688,0,False
271,2406f247-13e9-4e13-ae9a-8a6ad636d5db,fast,0|1|2|3|4|5|6|7|8|9|10|11|12|20|21|15|14|16|17|18|22|13|19,0.006840000000000001,0,False
272,8b45115a-5dc6-4e03-bc03-b22bde420329,fast,0|1|2|3|4|5|6|7|8|9|10|11|12|14|22|20|21|13|15|19|17|18|16,0.006860000000000001,0,False
273,4f7b39b2-e5e3-4b55-bdc9-efcff20f27e7,fast,0|1|2|3|4|5|6|7|8|9|10|11|12|16|17|15|13|21|14|18|20|22|19,0.00697,0,False
274,75965def-bee9-4040-9fd5-30f67db5285f,fast,0|1|2|3|4|5|6|7|8|9|10|11|12|13|16|20|14|17|21|15|22|19|18,0.007019999999999999,0,False
275,015cddec-6779-40bf-a2af-c6103ef98805,fast,0|1|2|3|4|5|6|7|8|9|10|11|12|16|20|21|14|17|19|18|22|15|13,0.0069,0,False
276,7782cd7b-9ead-44bb-8f75-01f301c3f503,fast,0|1|2|3|4|5|6|7|8|9|10|11|12|20|19|18|15|14|13|22|21|16|17,0.00701,0,False
277,0e5672d9-24a1-4135-a457-d2ecc3a18e65,fast,0|1|2|3|4|5|6|7|8|9|10|11|12|17|19|20|13|18|22|14|16|21|15,0.00699,0,False
278,c119823d-94fc-4032-8ba4-bcae4e135bbc,fast,0|1|2|3|4|5|6|7|8|9|10|11|12|13|20|16|17|22|15|18|19|14|21,0.0070599999999999994,0,False
279,58b00f31-e629-45c3-878b-f722906de2bf,fast,0|1|2|3|4|5|6|7|8|9|10|11|12|18|22|17|15|21|13|16|20|19|14,0.0068200000000000005,0,False
280,2f660ed5-70a2-439d-8a9c-cc72adbf54c1,fast,0|1|2|3|4|5|6|7|8|9|10|11|12|18|21|16|19|20|14|15|22|13|17,0.006860000000000001,0,False
281,2dc34c8d-1c61-4c89-b8b4-b4bf08ebe54b,fast,0|1|2|3|4|5|6|7|8|9|10|11|12|19|18|17|14|22|15|13|20|21|16,0.00687,0,False
282,e3c21eb8-2bb5-4188-a197-3c77fb684a3f,fast,0|1|2|3|4|5|6|7|8|9|10|11|12|21|19|16|18|20|14|22|17|13|15,0.00681,0,False
283,1ec81c30-1120-45bd-a4a1-9a809e94ae81,fast,0|1|2|3|4|5|6|7|8|9|10|11|12|19|18|22|13|21|16|20|14|17|15,0.006979999999999999,0,False
284,a0fbd16c-ce86-438b-9821-4c3501e634d7,fast,0|1|2|3|4|5|6|7|8|9|10|11|12|16|22|17|14|19|18|13|21|15|20,0.006919999999999999,0,False
285,83cbd581-b394-44f1-bc7c-04cd17712b63,fast,0|1|2|3|4|5|6|7|8|9|10|11|12|14|21|20|16|22|15|18|13|19|17,0.0069099999999999995,0,False
286,cc161994-cf17-407e-be91-4196369afbe1,fast,0|1|2|3|4|5|6|7|8|9|10|11|12|22|19|21|13|17|16|18|20|15|14,0.0069,0,False
287,00d035b1-ab04-4a8a-8a41-810e61c1cd0d,fast,0|1|2|3|4|5|6|7|8|9|10|11|12|18|21|20|17|13|15|16|22|14|19,0.00695,0,False
288,00f97335-203d-4298-8eb5-d42a09ac3ec9,fast,0|1|2|3|4|5|6|7|8|9|10|11|12|16|20|15|13|14|18|17|21|19|22,0.0070799999999999995,0,False
289,62c56302-4022-4753-a132-2bbb9a20c023,fast,0|1|2|3|4|5|6|7|8|9|10|11|12|19|18|14|17|13|22|16|21|15|20,0.00718,0,False
290,bbcf4d58-ac65-4052-bc0d-14b5085da624,fast,0|1|2|3|4|5|6|7|8|9|10|11|12|22|15|18|13|20|14|19|17|16|21,0.00797,0,False
291,eb551bdc-f4f2-4359-8634-26af4f78885b,fast,0|1|2|3|4|5|6|7|8|9|10|11|12|17|22|16|13|20|18|15|14|19|21,0.00739,0,False
292,5b9d36f7-66a3-463b-980b-92183c575df3,fast,0|1|2|3|4|5|6|7|8|9|10|11|12|17|19|14|13|18|15|21|20|16|22,0.00681,0,False
293,0511c291-8f79-4493-bd9e-98f456f78ca2,fast,0|1|2|3|4|5|6|7|8|9|10|11|12|21|16|18|14|19|20|15|13|17|22,0.00703,0,False
294,e6d343b5-b238-4d75-a0c5-71e100772bcc,fast,0|1|2|3|4|5|6|7|8|9|10|11|12|16|19|15|17|13|14|21|22|20|18,0.006999999999999999,0,False
295,91f0c148-cda7-4d7b-b630-62be9f2c29e7,fast,0|1|2|3|4|5|6|7|8|9|10|11|12|19|20|13|17|16|14|18|22|15|21,0.00738,0,False
296,798951f2-aab7-4b35-8e5d-9215c1ea0d83,fast,0|1|2|3|4|5|6|7|8|9|10|11|12|20|16|19|14|22|13|15|18|17|21,0.00705,0,False
297,346ba66d-0a9c-4939-8460-f2809c0b56a0,fast,0|1|2|3|4|5|6|7|8|9|10|11|12|22|18|13|14|20|17|19|15|16|21,0.006860000000000001,0,False
298,90effd7b-3a11-4802-a61c-05a9416ec18b,fast,0|1|2|3|4|5|6|7|8|9|10|11|12|21|20|22|18|14|19|13|17|15|16,0.006939999999999999,0,False
299,3639d422-217a-4120-84c1-b7c2876d144b,fast,0|1|2|3|4|5|6|7|8|9|10|11|12|18|20|17|14|22|13|16|19|15|21,0.006889999999999999,0,False
300,820eff1f-246a-48df-89d8-31e1986d7a40,fast,0|1|2|3|4|5|6|7|8|9|10|11|12|16|15|13|14|21|22|18|19|17|20,0.00703,0,False
301,807bd363-fd09-446d-b4fd-0ee37b75ffa0,fast,0|1|2|3|4|5|6|7|8|9|10|11|12|21|20|15|13|19|16|18|14|17|22,0.00701,0,False
302,721076ef-48b9-4959-8a03-d9a86dd0def8,fast,0|1|2|3|4|5|6|7|8|9|10|11|12|16|18|14|17|22|19|21|20|15|13,0.006889999999999999,0,False
303,93c8d963-d5de-4fe8-8195-53776fedec39,fast,0|1|2|3|4|5|6|7|8|9|10|11|12|20|18|16|14|21|13|22|15|17|19,0.00699,0,False
304,e69e9eb2-7e67-4e6f-984b-8499c34b9f70,fast,0|1|2|3|4|5|6|7|8|9|10|11|12|15|17|13|14|18|21|16|19|20|22,0.0077,0,False
305,015e4f3f-1d21-4a1b-85f1-23c8730ddf31,fast,0|1|2|3|4|5|6|7|8|9|10|11|12|19|16|15|13|17|14|18|20|21|22,0.006939999999999999,0,False
306,30202811-dc79-4c6b-a936-283d55e6d0e1,fast,0|1|2|3|4|5|6|7|8|9|10|11|12|22|17|19|14|20|15|21|16|18|13,0.006919999999999999,0,False
307,e3c7efa3-a46d-4ca4-89d0-4af5307c6a57,fast,0|1|2|3|4|5|6|7|8|9|10|11|12|20|19|17|14|22|15|18|16|13|21,0.006860000000000001,0,False
308,6c60f813-5772-4736-a633-831e37942bbe,fast,0|1|2|3|4|5|6|7|8|9|10|11|12|16|22|17|18|20|21|13|14|19|15,0.00716,0,False
309,55513563-97fb-4ad4-94ae-ed05c861bb11,fast,0|1|2|3|4|5|6|7|8|9|10|11|12|20|18|19|15|14|16|22|17|13|21,0.006889999999999999,0,False
310,810cbb55-d374-4618-a351-30ce4a00ac42,fast,0|1|2|3|4|5|6|7|8|9|10|11|12|21|22|18|13|19|17|14|20|16|15,0.0069099999999999995,0,False
311,73dc07f7-62c6-4598-9a4b-280ae0954f54,fast,0|1|2|3|4|5|6|7|8|9|10|11|12|18|17|13|16|21|15|14|22|19|20,0.00685,0,False
312,4fe26fa7-cec6-4449-b197-dd139e530c7e,fast,0|1|2|3|4|5|6|7|8|9|10|11|12|21|15|18|13|22|20|17|14|16|19,0.00722,0,False
313,a1cce45a-b0ce-4662-8ed2-109cec368356,fast,0|1|2|3|4|5|6|7|8|9|10|11|12|22|18|14|13|19|20|15|21|17|16,0.00739,0,False
314,9ac01687-e900-4638-a7f8-ec620757c64c,fast,0|1|2|3|4|5|6|7|8|9|10|11|12|21|17|13|16|22|18|20|14|15|19,0.0069299999999999995,0,False
315,fbcd877b-b784-471f-8709-61d5bac39f17,fast,0|1|2|3|4|5|6|7|8|9|10|11|12|18|21|20|15|19|14|17|22|16|13,0.006939999999999999,0,False
316,b0230bf5-bd1f-4307-83a0-1d20162ed14b,fast,0|1|2|3|4|5|6|7|8|9|10|11|12|16|18|21|15|19|13|22|14|17|20,0.00688,0,False
317,98b0d2d3-8d24-40f3-abfa-bdc0a0ddcfca,fast,0|1|2|3|4|5|6|7|8|9|10|11|12|22|21|15|16|20|19|13|18|17|14,0.0068000000000000005,0,False
318,413080ac-83bc-461d-9ca0-475d4821fa85,fast,0|1|2|3|4|5|6|7|8|9|10|11|12|17|19|16|14|22|21|13|15|18|20,0.007019999999999999,0,False
319,6f4f27f4-ab6d-418c-99ed-1dc1a899cdf6,fast,0|1|2|3|4|5|6|7|8|9|10|11|12|19|18|17|14|20|15|13|21|16|22,0.0069,0,False
320,fc181885-c1ec-408c-827c-05cbcdf28766,fast,0|1|2|3|4|5|6|7|8|9|10|11|12|15|21|14|20|22|13|18|16|17|19,0.00703,0,False
321,6e4b91dd-e6b6-430b-b4db-1a5519098987,fast,0|1|2|3|4|5|6|7|8|9|10|11|12|21|17|19|13|20|15|18|14|16|22,0.0069,0,False
322,e3a4aced-9b87-46ec-8b60-dcf9a055963b,fast,0|1|2|3|4|5|6|7|8|9|10|11|12|15|20|18|14|16|22|21|13|19|17,0.00683,0,False
323,1310ccf5-5e6c-4a7f-8fbb-005cf4081d98,fast,0|1|2|3|4|5|6|7|8|9|10|11|12|21|19|17|14|13|22|16|18|20|15,0.00753,0,False
324,89ed147e-3419-4042-9055-8315259dfa13,fast,0|1|2|3|4|5|6|7|8|9|10|11|12|22|21|20|14|16|19|13|17|15|18,0.00676,0,False
325,29210201-415d-406f-b6e0-4c4d2304efce,fast,0|1|2|3|4|5|6|7|8|9|10|11|12|15|17|18|14|22|16|20|21|13|19,0.0068200000000000005,0,False
326,46857b7a-3525-4d93-ba5d-12de48840649,fast,0|1|2|3|4|5|6|7|8|9|10|11|12|19|21|16|15|20|22|17|14|18|13,0.0069099999999999995,0,False
327,17e99eac-3dc2-49c2-ae32-efe33062df78,fast,0|1|2|3|4|5|6|7|8|9|10|11|12|15|17|13|16|19|18|21|20|22|14,0.006840000000000001,0,False
328,fceb747e-8c6a-4208-90da-42c3f42b32ca,fast,0|1|2|3|4|5|6|7|8|9|10|11|12|13|17|15|14|19|20|21|16|18|22,0.00681,0,False
329,d0184d98-c3ab-42a7-8a42-bca7d85a7962,fast,0|1|2|3|4|5|6|7|8|9|10|11|12|21|17|14|15|16|19|13|22|20|18,0.00685,0,False
330,e5473e1c-88b0-456c-86c2-12dba8f7361b,fast,0|1|2|3|4|5|6|7|8|9|10|11|12|16|20|14|15|19|13|17|18|22|21,0.00681,0,False
331,d982a735-dd52-4d83-8326-ca2c00976789,fast,0|1|2|3|4|5|6|7|8|9|10|11|12|20|19|17|14|18|21|13|16|22|15,0.00681,0,False
332,de95439a-07ed-44fe-b91d-e195b4e9a1ca,fast,0|1|2|3|4|5|6|7|8|9|10|11|12|15|20|14|16|17|21|18|19|13|22,0.00745,0,False
333,cb38702e-2d1e-4234-af21-e6ccac2e50fa,fast,0|1|2|3|4|5|6|7|8|9|10|11|12|22|15|19|13|17|16|18|20|14|21,0.0068000000000000005,0,False
334,4a6a98c5-0226-48ba-983a-a54cb3da3963,fast,0|1|2|3|4|5|6|7|8|9|10|11|12|13|20|21|14|16|22|17|18|15|19,0.007209999999999999,0,False
335,51502dd1-b445-4d93-89ce-24d356286714,fast,0|1|2|3|4|5|6|7|8|9|10|11|12|20|19|13|15|17|14|16|22|18|21,0.006939999999999999,0,False
336,ca8c8418-ba05-49f3-8767-611cfc1d30b6,fast,0|1|2|3|4|5|6|7|8|9|10|11|12|20|14|18|17|13|16|22|21|19|15,0.682,0,False
337,3d9d2eac-2c9d-42c2-a102-19ce330d2947,fast,0|1|2|3|4|5|6|7|8|9|10|11|12|18|14|21|13|19|20|16|15|22|17,0.00697,0,False
338,76a3bdd1-8d53-4695-98e4-e028cde505a2,fast,0|1|2|3|4|5|6|7|8|9|10|11|12|19|21|16|20|15|18|14|22|13|17,0.008060000000000001,0,False
339,e7ec41f4-02a0-457f-824b-7fa79691c810,fast,0|1|2|3|4|5|6|7|8|9|10|11|12|18|21|14|19|16|15|20|22|17|13,0.00695,0,False
340,368cf27e-8677-42a4-a271-60b2d559a764,fast,0|1|2|3|4|5|6|7|8|9|10|11|12|18|21|22|20|16|15|14|17|13|19,0.006919999999999999,0,False
341,5ea5e9b7-eca7-4c1b-a4a2-7e3a450080f3,fast,0|1|2|3|4|5|6|7|8|9|10|11|12|20|22|16|18|19|15|14|21|13|17,0.00731,0,False
342,715fb26c-9ba3-4d37-a9b5-5a1e669b3605,fast,0|1|2|3|4|5|6|7|8|9|10|11|12|19|21|13|17|18|14|20|22|15|16,0.007209999999999999,0,False
343,e99a361d-d30b-4d43-873f-dd75e27c7432,fast,0|1|2|3|4|5|6|7|8|9|10|11|12|21|19|20|14|16|15|13|22|18|17,0.00743,0,False
344,45e58386-e45e-443a-a992-dafcc2b5f837,fast,0|1|2|3|4|5|6|7|8|9|10|11|12|18|20|14|17|19|13|16|21|15|22,0.0069,0,False
345,cb10d22e-e2f8-41bc-840a-b665069a840e,fast,0|1|2|3|4|5|6|7|8|9|10|11|12|17|18|13|15|19|16|21|20|14|22,0.0069099999999999995,0,False
346,560e7ae5-0d3e-4e31-ace6-10ea18bb1a48,fast,0|1|2|3|4|5|6|7|8|9|10|11|12|22|14|20|13|18|15|21|17|16|19,0.00699,0,False
347,487707b5-5a64-4384-aef6-d098766f04fd,fast,0|1|2|3|4|5|6|7|8|9|10|11|12|15|20|17|16|14|21|18|19|22|13,0.0068200000000000005,0,False
348,378d0fe3-f5a3-4189-b2e8-43b7e9b68943,fast,0|1|2|3|4|5|6|7|8|9|10|11|12|15|19|14|17|16|21|22|20|13|18,0.00712,0,False
349,b5011c58-5f1d-4238-88a0-c61a6ef3b88c,fast,0|1|2|3|4|5|6|7|8|9|10|11|12|16|21|14|19|22|17|13|18|15|20,0.00699,0,False
350,25fb0b09-fc97-4353-a789-939d7d098d01,fast,0|1|2|3|4|5|6|7|8|9|10|11|12|17|19|18|15|20|21|16|14|22|13,0.0068000000000000005,0,False
351,72f64f82-36ef-4e8f-82c5-2dd6b9fb4b4f,fast,0|1|2|3|4|5|6|7|8|9|10|11|12|13|20|17|18|15|19|14|22|16|21,0.0069,0,False
352,e889aa51-a845-4667-bd21-78c7afe5baba,fast,0|1|2|3|4|5|6|7|8|9|10|11|12|18|19|16|17|20|13|14|15|22|21,0.0068000000000000005,0,False
353,a51bd405-2238-445b-ab34-8d37f63c6b8a,fast,0|1|2|3|4|5|6|7|8|9|10|11|12|18|22|15|14|13|21|17|20|19|16,0.006939999999999999,0,False
354,09fda4b7-44eb-49e1-bfb8-7dedf29fcb8a,fast,0|1|2|3|4|5|6|7|8|9|10|11|12|17|21|18|19|15|16|20|22|14|13,0.00724,0,False
355,2d55e3b3-0735-4684-a700-7305e9e7ab9d,fast,0|1|2|3|4|5|6|7|8|9|10|11|12|16|22|14|13|21|15|18|19|20|17,0.00685,0,False
356,4e5ea998-efbe-401a-abd5-529394a668b5,fast,0|1|2|3|4|5|6|7|8|9|10|11|12|20|17|19|15|21|13|18|14|16|22,0.006959999999999999,0,False
357,17d7c378-37b2-446a-a715-f0e9751829ec,fast,0|1|2|3|4|5|6|7|8|9|10|11|12|22|17|13|15|20|18|14|19|21|16,0.00695,0,False
358,5f9656d0-c76c-46c5-901f-76adee9b1346,fast,0|1|2|3|4|5|6|7|8|9|10|11|12|21|17|13|14|18|15|19|22|20|16,0.00726,0,False
359,986dfdf5-b18f-4682-8e13-c8b678785f8d,fast,0|1|2|3|4|5|6|7|8|9|10|11|12|22|20|15|16|21|14|17|18|13|19,0.0068000000000000005,0,False
360,510ed4fc-37ad-43df-8fc1-8a90ecbab884,fast,0|1|2|3|4|5|6|7|8|9|10|11|12|20|21|19|14|15|16|18|17|13|22,0.006690000000000001,0,False
361,962c8b83-fa4f-4067-a09f-6486c37a9936,fast,0|1|2|3|4|5|6|7|8|9|10|11|12|17|21|15|14|16|20|19|22|13|18,0.006750000000000001,0,False
362,86a5e349-a3db-4c1d-a074-acc27d37217c,fast,0|1|2|3|4|5|6|7|8|9|10|11|12|15|22|16|21|19|20|17|18|13|14,0.00787,0,False
363,de0d28e6-6f6c-408f-873f-025c6cccc7c3,fast,0|1|2|3|4|5|6|7|8|9|10|11|12|18|15|22|14|20|13|19|17|16|21,0.00688,0,False
364,85b6591f-7dd1-4a5a-929e-213c9c32ec8e,fast,0|1|2|3|4|5|6|7|8|9|10|11|12|22|21|15|13|16|17|18|19|14|20,0.00695,0,False
365,552b4637-45a7-4b77-a2f8-2458ba868de0,fast,0|1|2|3|4|5|6|7|8|9|10|11|12|13|20|15|17|14|21|18|22|16|19,0.00755,0,False
366,a0c5bbc0-e85c-4a69-9258-e696a730e534,fast,0|1|2|3|4|5|6|7|8|9|10|11|12|18|15|16|14|22|13|21|19|20|17,0.0070599999999999994,0,False
367,e73441af-c213-4e41-b8f2-3e279ebe7b67,fast,0|1|2|3|4|5|6|7|8|9|10|11|12|17|21|18|19|15|22|13|16|14|20,0.00697,0,False
368,57bae8e4-e105-4e77-865b-47f03ee05802,fast,0|1|2|3|4|5|6|7|8|9|10|11|12|20|21|18|16|22|17|13|19|15|14,0.00733,0,False
369,82288677-0b92-4696-937e-4619176dd36b,fast,0|1|2|3|4|5|6|7|8|9|10|11|12|19|20|13|15|21|14|16|22|18|17,0.00701,0,False
370,55803b7a-d5fe-4120-8744-c990b85de061,fast,0|1|2|3|4|5|6|7|8|9|10|11|12|18|22|13|15|21|14|16|19|20|17,0.00681,0,False
371,5f6a2854-e59f-4f91-83a0-3b1b7ec34526,fast,0|1|2|3|4|5|6|7|8|9|10|11|12|21|22|20|18|19|16|14|17|13|15,0.00729,0,False
372,77fa4869-1931-4e10-b204-4555713b2da7,fast,0|1|2|3|4|5|6|7|8|9|10|11|12|17|20|16|18|13|15|19|22|14|21,0.0067800000000000004,0,False
373,078f822a-e788-4261-9c7f-bbcde78e20eb,fast,0|1|2|3|4|5|6|7|8|9|10|11|12|16|18|21|14|20|15|17|13|19|22,0.007189999999999999,0,False
374,bab556df-dbf4-42d1-9569-8ae0c2c140b4,fast,0|1|2|3|4|5|6|7|8|9|10|11|12|19|22|13|21|14|15|18|17|16|20,0.0069,0,False
375,1aa08802-f222-4ef6-832a-436bf4d58a41,fast,0|1|2|3|4|5|6|7|8|9|10|11|12|15|19|20|17|16|18|13|22|14|21,0.0069099999999999995,0,False
376,13317dbf-95a0-4bce-898a-cbe9ce552f0b,fast,0|1|2|3|4|5|6|7|8|9|10|11|12|18|15|16|14|19|13|20|21|17|22,0.0069,0,False
377,7917f90d-9d11-4cab-a39c-74ab7d67a71b,fast,0|1|2|3|4|5|6|7|8|9|10|11|12|15|18|16|13|17|21|22|14|19|20,0.00687,0,False
378,6fd18f51-53c3-4d86-ba48-f896b7ea935c,fast,0|1|2|3|4|5|6|7|8|9|10|11|12|14|19|16|13|15|18|20|21|17|22,0.00683,0,False
379,e0f1c2c2-e72b-455b-87dc-c3503aaca327,fast,0|1|2|3|4|5|6|7|8|9|10|11|12|17|21|13|20|18|19|16|22|14|15,0.00687,0,False
380,435d332b-be1e-46c6-b53d-b3b9750ec905,fast,0|1|2|3|4|5|6|7|8|9|10|11|12|17|20|16|14|15|22|19|21|18|13,0.0067800000000000004,0,False
381,573fb9f2-0a3e-49bb-9eec-1ee8a4546f65,fast,0|1|2|3|4|5|6|7|8|9|10|11|12|17|21|14|20|16|22|15|19|13|18,0.006860000000000001,0,False
382,4850ad1e-6e7e-4371-862c-ec60c41e835e,fast,0|1|2|3|4|5|6|7|8|9|10|11|12|14|19|16|18|20|21|17|22|15|13,0.006710000000000001,0,False
383,db91d4af-8933-41ef-9313-ffb9369c0b48,fast,0|1|2|3|4|5|6|7|8|9|10|11|12|20|21|17|18|14|22|19|16|15|13,0.0067800000000000004,0,False
384,6c08b40e-d310-43a0-8353-d4f9cd7744c0,fast,0|1|2|3|4|5|6|7|8|9|10|11|12|19|22|17|21|13|18|16|15|20|14,0.00687,0,False
385,6b0d2171-0be8-43a6-8c6b-2c26f6c1f8e7,fast,0|1|2|3|4|5|6|7|8|9|10|11|12|17|19|13|18|14|20|15|21|16|22,0.006919999999999999,0,False
386,e3a54f7e-95f5-4a02-9e03-8d3855ac0b9e,fast,0|1|2|3|4|5|6|7|8|9|10|11|12|14|22|18|21|19|17|15|20|13|16,0.00787,0,False
387,c8c3de3e-8c7a-49d3-bf2e-b18f8f69fe07,fast,0|1|2|3|4|5|6|7|8|9|10|11|12|22|18|14|13|16|21|19|20|17|15,0.006840000000000001,0,False
388,52c0d44b-93f8-4133-bff2-80ce9e879787,fast,0|1|2|3|4|5|6|7|8|9|10|11|12|20|21|17|13|22|18|16|15|19|14,0.0067800000000000004,0,False
389,4eab92c3-5c21-4dc5-baf5-3176c5fd6c52,fast,0|1|2|3|4|5|6|7|8|9|10|11|12|19|18|20|13|16|22|15|21|17|14,0.0069299999999999995,0,False
390,92b8dc3f-65db-4073-80bd-2e6e692d7475,fast,0|1|2|3|4|5|6|7|8|9|10|11|12|15|16|22|13|18|17|14|19|21|20,0.0068200000000000005,0,False
391,fd9a1ab6-bc38-4a62-926d-c89e6073206b,fast,0|1|2|3|4|5|6|7|8|9|10|11|12|17|18|22|15|21|19|16|20|13|14,0.00688,0,False
392,7aad94fa-f89b-4051-824b-c82464a77c37,fast,0|1|2|3|4|5|6|7|8|9|10|11|12|21|19|18|13|15|16|20|22|17|14,0.0069,0,False
393,8bfc6acf-0b99-4bb6-81ac-b657c09a08b1,fast,0|1|2|3|4|5|6|7|8|9|10|11|12|13|21|19|20|22|18|15|14|16|17,0.006979999999999999,0,False
394,715c1818-445f-4d3e-9e4e-022b65f700a6,fast,0|1|2|3|4|5|6|7|8|9|10|11|12|20|21|16|13|14|19|17|22|18|15,0.006840000000000001,0,False
395,3ebfb34d-5e91-4965-ad2c-2566d3679161,fast,0|1|2|3|4|5|6|7|8|9|10|11|12|22|15|17|13|20|14|18|21|16|19,0.006919999999999999,0,False
396,043ade4d-52fa-4111-a0e8-b7d85bbe3cd4,fast,0|1|2|3|4|5|6|7|8|9|10|11|12|13|16|17|14|21|18|20|15|19|22,0.00701,0,False
397,a6cd0dac-1680-489f-af6f-8ad0ddb6cb15,fast,0|1|2|3|4|5|6|7|8|9|10|11|12|18|17|14|16|15|21|13|20|19|22,0.00775,0,False
398,2a9efb46-8831-49a3-a06f-e07f107e26ce,fast,0|1|2|3|4|5|6|7|8|9|10|11|12|21|18|13|15|16|20|14|22|19|17,0.00728,0,False
399,7706bf03-eb31-48c8-84a3-a41193f04adb,fast,0|1|2|3|4|5|6|7|8|9|10|11|12|15|19|16|17|14|21|13|18|20|22,0.007169999999999999,0,False
400,232c392d-73e9-4b9e-8fbd-abe460052ef4,fast,0|1|2|3|4|5|6|7|8|9|10|11|12|22|19|18|15|17|13|14|21|16|20,0.00751,0,False
401,26d298bd-43f7-48ca-96d4-e5b4f4c3f89b,fast,0|1|2|3|4|5|6|7|8|9|10|11|12|22|18|21|15|13|14|19|17|16|20,0.0076500000000000005,0,False
402,2facf7bd-8536-4272-a3c4-2596399c0c64,fast,0|1|2|3|4|5|6|7|8|9|10|11|12|14|22|16|19|18|21|13|20|17|15,0.00683,0,False
403,1d9e844a-2555-47aa-b052-ec986f420e0e,fast,0|1|2|3|4|5|6|7|8|9|10|11|12|21|19|15|18|16|14|17|20|13|22,0.006860000000000001,0,False
404,ffb4d3c1-3384-4ed7-bd94-a9d670759e93,fast,0|1|2|3|4|5|6|7|8|9|10|11|12|21|22|15|19|14|18|17|20|16|13,0.006919999999999999,0,False
405,c1ca7161-d3cf-4433-97c3-8c07ec54acd6,fast,0|1|2|3|4|5|6|7|8|9|10|11|12|16|22|21|19|20|18|17|15|14|13,0.006939999999999999,0,False
406,6a114415-53e2-480d-945a-197a434cc3f2,fast,0|1|2|3|4|5|6|7|8|9|10|11|12|20|18|21|17|16|14|15|19|13|22,0.0069299999999999995,0,False
407,0f5ca470-8093-4c56-a8de-f271b1165807,fast,0|1|2|3|4|5|6|7|8|9|10|11|12|22|16|18|13|19|14|17|20|15|21,0.0069099999999999995,0,False
408,d26a6e7e-2d0b-4d9f-b774-b2a10eb0d034,fast,0|1|2|3|4|5|6|7|8|9|10|11|12|17|22|15|13|21|16|19|20|14|18,0.006919999999999999,0,False
409,e08d54d6-7c0c-4880-a2bb-995fc53e41b5,fast,0|1|2|3|4|5|6|7|8|9|10|11|12|22|21|20|13|19|18|14|17|15|16,0.00695,0,False
410,87e292db-c7b7-4d06-a7a9-b6ed6bf307ea,fast,0|1|2|3|4|5|6|7|8|9|10|11|12|20|19|22|16|17|15|14|21|18|13,0.006919999999999999,0,False
411,00e463f1-024f-4cf3-86df-8d69f89ed967,fast,0|1|2|3|4|5|6|7|8|9|10|11|12|19|18|15|16|22|21|14|20|17|13,0.006790000000000001,0,False
412,0257d5ba-bd1e-4528-bf43-8201f42b59df,fast,0|1|2|3|4|5|6|7|8|9|10|11|12|17|18|15|16|22|13|20|21|19|14,0.006959999999999999,0,False
413,1141c68d-d109-4e3d-8267-15e174d401d6,fast,0|1|2|3|4|5|6|7|8|9|10|11|12|20|21|17|14|19|13|16|22|15|18,0.00687,0,False
414,de4eff32-8f89-455f-9618-1722be55770a,fast,0|1|2|3|4|5|6|7|8|9|10|11|12|17|15|16|13|14|22|19|18|20|21,0.006840000000000001,0,False
415,af0f4562-ebba-468b-ba48-eb1d3c2fd350,fast,0|1|2|3|4|5|6|7|8|9|10|11|12|17|19|21|18|22|16|20|14|13|15,0.0067,0,False
416,dbc9b319-f8ac-46fe-9d48-38ace78529d0,fast,0|1|2|3|4|5|6|7|8|9|10|11|12|18|20|15|19|13|16|22|21|14|17,0.0069,0,False
417,b9a2de54-9429-4511-bd18-5b9fe7ebf338,fast,0|1|2|3|4|5|6|7|8|9|10|11|12|18|21|19|13|22|17|16|20|14|15,0.0067800000000000004,0,False
418,d1d29eb1-c565-412d-b139-f5d24b11cfc4,fast,0|1|2|3|4|5|6|7|8|9|10|11|12|15|21|13|18|16|14|19|22|17|20,0.0069299999999999995,0,False
419,28e0ad54-f97d-4e2a-89b3-b89997c2bef1,fast,0|1|2|3|4|5|6|7|8|9|10|11|12|18|20|22|19|15|17|16|21|13|14,0.006770000000000001,0,False
420,a091382e-d4a2-4925-a47d-298dc825c5ee,fast,0|1|2|3|4|5|6|7|8|9|10|11|12|16|22|19|18|17|21|20|14|13|15,0.00715,0,False
421,ec9edc3d-818d-48ed-8790-b4535f875b01,fast,0|1|2|3|4|5|6|7|8|9|10|11|12|22|19|14|18|20|15|17|21|13|16,0.0067800000000000004,0,False
422,a71a53b1-2d48-43eb-9fc2-e49ea5262d0e,fast,0|1|2|3|4|5|6|7|8|9|10|11|12|19|18|20|16|22|13|15|21|14|17,0.0067,0,False
423,6bfbac16-024d-4708-97b8-801c3d345b58,fast,0|1|2|3|4|5|6|7|8|9|10|11|12|21|22|16|18|17|13|14|20|15|19,0.0068200000000000005,0,False
424,0e1041f7-8026-46a9-96f3-3965bc9378bf,fast,0|1|2|3|4|5|6|7|8|9|10|11|12|15|22|20|18|16|14|21|19|17|13,0.0070999999999999995,0,False
425,4ae2fd55-87d5-4eae-89f7-6f8d400b4f9f,fast,0|1|2|3|4|5|6|7|8|9|10|11|12|22|17|15|13|20|16|18|19|21|14,0.0067800000000000004,0,False
426,2b74dd5c-28d7-4983-a709-5a262c47218f,fast,0|1|2|3|4|5|6|7|8|9|10|11|12|21|20|13|19|15|17|16|22|14|18,0.00687,0,False
427,29be5a7b-81b8-454a-a212-93444e9217ae,fast,0|1|2|3|4|5|6|7|8|9|10|11|12|22|21|13|20|18|17|19|14|15|16,0.0068200000000000005,0,False
428,53a4fb25-ee55-43eb-926c-1f6be7c4d6cb,fast,0|1|2|3|4|5|6|7|8|9|10|11|12|22|20|14|13|15|16|17|19|21|18,0.00788,0,False
429,7919128d-a97f-40f9-9c46-20287479d918,fast,0|1|2|3|4|5|6|7|8|9|10|11|12|17|20|14|16|21|19|13|22|15|18,0.00716,0,False
430,461a3055-d852-48ab-819b-937bd4ca0b78,fast,0|1|2|3|4|5|6|7|8|9|10|11|12|19|20|18|15|16|13|21|17|14|22,0.00674,0,False
431,79f1a604-715f-4bfc-b5b1-ce05f94d8d7e,fast,0|1|2|3|4|5|6|7|8|9|10|11|12|22|21|18|13|20|15|16|14|19|17,0.006840000000000001,0,False
432,0b25538d-6d60-432b-99e4-6b852ceb3313,fast,0|1|2|3|4|5|6|7|8|9|10|11|12|14|22|18|19|17|16|13|21|20|15,0.006860000000000001,0,False
433,17130a27-0b74-4de6-87fa-935ef76fdf8b,fast,0|1|2|3|4|5|6|7|8|9|10|11|12|20|15|18|13|14|22|17|19|16|21,0.0067800000000000004,0,False
434,03a256ea-cc24-442b-a880-da1558f16a4a,fast,0|1|2|3|4|5|6|7|8|9|10|11|12|20|16|21|14|13|22|15|19|18|17,0.006840000000000001,0,False
435,184bcd76-95ff-4bfa-ad26-36e3030bcdb4,fast,0|1|2|3|4|5|6|7|8|9|10|11|12|18|21|17|14|13|15|19|22|16|20,0.0069099999999999995,0,False
436,e8a5f6f3-e517-41da-819e-164eba394c22,fast,0|1|2|3|4|5|6|7|8|9|10|11|12|21|20|19|17|16|14|15|18|13|22,0.00683,0,False
437,dba3108f-3a44-4aa1-bc08-254e58812b8d,fast,0|1|2|3|4|5|6|7|8|9|10|11|12|15|20|21|18|14|16|17|22|13|19,0.006840000000000001,0,False
438,c82eeb2f-1096-43ae-a822-5ee2b5aae215,fast,0|1|2|3|4|5|6|7|8|9|10|11|12|19|18|13|15|21|14|17|16|22|20,0.00674,0,False
439,1891cc47-24ed-4b8d-882a-9dc836e04a0a,fast,0|1|2|3|4|5|6|7|8|9|10|11|12|20|21|16|15|14|19|18|17|22|13,0.0068200000000000005,0,False
440,b85934cb-1007-4595-b9b8-34b57b39a716,fast,0|1|2|3|4|5|6|7|8|9|10|11|12|22|20|13|19|21|17|18|14|16|15,0.006790000000000001,0,False
441,addb1f16-c6a3-4253-9d3e-f71ca31ea40a,fast,0|1|2|3|4|5|6|7|8|9|10|11|12|17|22|15|20|16|21|19|14|18|13,0.007209999999999999,0,False
442,a12673a7-e7ba-4554-99c7-5e9b80973b95,fast,0|1|2|3|4|5|6|7|8|9|10|11|12|17|22|15|21|18|19|13|16|14|20,0.0067800000000000004,0,False
443,e571614e-b9df-411c-a9dc-25eefef65da5,fast,0|1|2|3|4|5|6|7|8|9|10|11|12|15|21|22|20|17|18|13|19|14|16,0.006840000000000001,0,False
444,875d7c9d-9d64-4c8a-a2ea-227c2e6bd313,fast,0|1|2|3|4|5|6|7|8|9|10|11|12|19|20|13|16|18|14|15|17|21|22,0.006710000000000001,0,False
445,a5873cf4-72ea-45ec-8e69-5b9e97a17579,fast,0|1|2|3|4|5|6|7|8|9|10|11|12|18|20|15|13|17|14|19|22|16|21,0.00695,0,False
446,9ea5bf73-3045-4309-a9ac-526ff2cd5080,fast,0|1|2|3|4|5|6|7|8|9|10|11|12|18|20|22|19|17|16|14|21|15|13,0.00687,0,False
447,7a84b731-4394-48cc-bede-c27be8d21869,fast,0|1|2|3|4|5|6|7|8|9|10|11|12|20|22|14|19|17|18|13|15|16|21,0.00685,0,False
448,ccd91e8c-0db4-42a2-a46d-eadd597c87d6,fast,0|1|2|3|4|5|6|7|8|9|10|11|12|19|22|18|16|17|21|13|20|15|14,0.006889999999999999,0,False
449,1631ba6e-a6c3-4669-83f6-9f529c5d6e34,fast,0|1|2|3|4|5|6|7|8|9|10|11|12|21|15|20|14|13|17|16|19|22|18,0.0068000000000000005,0,False
450,d8e8d24e-1c67-4568-95f8-dca3a6ed9689,fast,0|1|2|3|4|5|6|7|8|9|10|11|12|16|22|13|19|15|18|17|20|21|14,0.0069,0,False
451,6496c482-b872-4cc5-b8e1-aea86913d480,fast,0|1|2|3|4|5|6|7|8|9|10|11|12|18|21|19|16|20|17|13|22|14|15,0.006790000000000001,0,False
452,82f685a1-b513-4f12-8d01-38e750f4a1ac,fast,0|1|2|3|4|5|6|7|8|9|10|11|12|19|22|15|18|20|21|16|17|13|14,0.0067800000000000004,0,False
453,94fed317-e8b1-405d-b93f-22876546fc11,fast,0|1|2|3|4|5|6|7|8|9|10|11|12|16|21|15|19|14|20|22|18|17|13,0.00726,0,False
454,336f1d48-9e3e-4153-a072-3a1dadfcc408,fast,0|1|2|3|4|5|6|7|8|9|10|11|12|19|20|16|17|14|21|13|22|15|18,0.0068000000000000005,0,False
455,4367c44a-5cbb-40d2-b4fc-260a9bdd5576,fast,0|1|2|3|4|5|6|7|8|9|10|11|12|18|17|22|16|13|21|20|14|19|15,0.007209999999999999,0,False
456,765b91d0-40af-47fb-8810-1785c67c3eb4,fast,0|1|2|3|4|5|6|7|8|9|10|11|12|13|19|14|15|16|22|18|17|20|21,0.006959999999999999,0,False
457,27011123-20d9-4a76-a626-0befde8154bd,fast,0|1|2|3|4|5|6|7|8|9|10|11|12|16|21|18|17|13|20|15|22|14|19,0.00683,0,False
458,b01ad8b7-61d4-4173-9f8c-08495200c623,fast,0|1|2|3|4|5|6|7|8|9|10|11|12|15|20|16|18|22|17|21|13|19|14,0.006770000000000001,0,False
459,40868190-1413-4b34-88ce-961dd12e65df,fast,0|1|2|3|4|5|6|7|8|9|10|11|12|22|19|20|14|16|15|13|17|18|21,0.006939999999999999,0,False
460,7573e0c0-cc2e-4a7b-894a-45a638a004b5,fast,0|1|2|3|4|5|6|7|8|9|10|11|12|19|16|18|15|13|22|14|17|21|20,0.006750000000000001,0,False
461,ad4ea984-350e-4b5f-b107-2bf0f897af61,fast,0|1|2|3|4|5|6|7|8|9|10|11|12|22|19|21|14|15|20|17|18|16|13,0.00695,0,False
462,762758a1-57b6-48b8-b9f3-3daf3ac3e52e,fast,0|1|2|3|4|5|6|7|8|9|10|11|12|21|22|20|17|13|19|15|18|16|14,0.006750000000000001,0,False
463,1b624932-3a30-4e51-a6e8-6112616778e1,fast,0|1|2|3|4|5|6|7|8|9|10|11|12|18|21|16|20|13|17|15|19|22|14,0.00711,0,False
464,94980cdd-2876-412b-9498-61e575c06d5e,fast,0|1|2|3|4|5|6|7|8|9|10|11|12|15|22|19|18|21|17|20|14|13|16,0.0072299999999999994,0,False
465,3f054501-652e-4fd0-8c48-aa7695f75abd,fast,0|1|2|3|4|5|6|7|8|9|10|11|12|20|22|15|18|17|16|14|19|21|13,0.00685,0,False
466,ffa4a141-a796-4792-b756-7e72ee891210,fast,0|1|2|3|4|5|6|7|8|9|10|11|12|19|20|14|18|21|17|13|15|22|16,0.0076100000000000004,0,False
467,4b202d06-c6d9-47c4-8c23-a8af1b2f11d3,fast,0|1|2|3|4|5|6|7|8|9|10|11|12|22|21|20|15|19|16|14|17|18|13,0.00735,0,False
468,29278c15-6756-4304-ba97-434d6b990e22,fast,0|1|2|3|4|5|6|7|8|9|10|11|12|18|22|20|21|16|19|17|15|13|14,0.007169999999999999,0,False
469,cb1409dd-763c-416b-9b78-798c4243ff50,fast,0|1|2|3|4|5|6|7|8|9|10|11|12|14|20|15|17|19|21|22|16|13|18,0.0068200000000000005,0,False
470,9e54af84-fd25-4ae2-87c2-a07bfaa4c931,fast,0|1|2|3|4|5|6|7|8|9|10|11|12|22|18|13|17|19|21|14|16|20|15,0.006730000000000001,0,False
471,c559df3a-0f69-4486-9bfe-111b010e654d,fast,0|1|2|3|4|5|6|7|8|9|10|11|12|13|21|14|18|19|20|22|15|16|17,0.00687,0,False
472,0f2024a6-d794-4e90-aa49-ef4662398d1a,fast,0|1|2|3|4|5|6|7|8|9|10|11|12|18|20|17|13|16|15|21|22|14|19,0.0068000000000000005,0,False
473,13c8c6b9-e0b8-4b34-9158-37b680bd7604,fast,0|1|2|3|4|5|6|7|8|9|10|11|12|19|21|15|17|13|20|16|22|14|18,0.006959999999999999,0,False
474,8411ede0-8978-4ca0-91d8-b7c44fcc1a93,fast,0|1|2|3|4|5|6|7|8|9|10|11|12|21|22|20|16|15|13|18|19|14|17,0.006790000000000001,0,False
475,954cf64c-e2e4-4d47-b0de-8c9aace2dcd2,fast,0|1|2|3|4|5|6|7|8|9|10|11|12|18|21|16|17|19|14|22|20|13|15,0.008199999999999999,0,False
476,36100b3f-1f4b-4f56-8014-a2bf65af202e,fast,0|1|2|3|4|5|6|7|8|9|10|11|12|22|14|19|13|15|17|16|18|21|20,0.0067800000000000004,0,False
477,f82e8fab-bc4a-4b3e-802d-eca50c1fe781,fast,0|1|2|3|4|5|6|7|8|9|10|11|12|21|16|13|14|15|18|17|19|20|22,0.006860000000000001,0,False
478,52cb1493-b802-4388-96ea-3293ca6ae811,fast,0|1|2|3|4|5|6|7|8|9|10|11|12|18|21|16|17|22|15|14|20|13|19,0.0068000000000000005,0,False
479,1f206b09-0346-4309-8d50-c133681dd5f4,fast,0|1|2|3|4|5|6|7|8|9|10|11|12|17|22|18|21|19|15|14|13|16|20,0.00687,0,False
480,11306def-96fd-4a78-837e-55dca2a86583,fast,0|1|2|3|4|5|6|7|8|9|10|11|12|21|19|20|13|14|22|16|18|17|15,0.0067,0,False
481,ea195bd0-c470-412a-aec0-0d2c029d6f4c,fast,0|1|2|3|4|5|6|7|8|9|10|11|12|13|18|19|17|22|20|14|21|16|15,0.006710000000000001,0,False
482,c2d65445-09f8-413d-8c3a-6ed4e7be8e58,fast,0|1|2|3|4|5|6|7|8|9|10|11|12|18|21|15|13|19|16|22|20|14|17,0.006770000000000001,0,False
483,b00da762-cee6-42e0-b908-004a3037439b,fast,0|1|2|3|4|5|6|7|8|9|10|11|12|18|21|14|17|16|15|22|20|13|19,0.00771,0,False
484,e9a58373-8b9e-4747-8142-78f18fe4d491,fast,0|1|2|3|4|5|6|7|8|9|10|11|12|21|22|16|20|14|18|13|17|19|15,0.00681,0,False
485,69d02a39-bbbe-409d-b570-4abf13bdd238,fast,0|1|2|3|4|5|6|7|8|9|10|11|12|19|22|15|17|16|14|21|20|13|18,0.0069,0,False
486,c6dec39e-74ed-410f-91ee-c8c8e19cb847,fast,0|1|2|3|4|5|6|7|8|9|10|11|12|18|19|21|15|20|13|22|16|17|14,0.00688,0,False
487,cca941e8-bd85-4d75-b9d6-ccbd758aa507,fast,0|1|2|3|4|5|6|7|8|9|10|11|12|15|22|13|20|18|16|17|21|14|19,0.00753,0,False
488,30bf3123-098f-4194-8fa5-215e5adc998c,fast,0|1|2|3|4|5|6|7|8|9|10|11|12|20|21|22|18|14|16|19|13|17|15,0.00685,0,False
489,4e406b01-770f-4a89-919b-91be2be394a1,fast,0|1|2|3|4|5|6|7|8|9|10|11|12|18|22|15|21|20|19|14|17|13|16,0.0069,0,False
490,5a0fa55c-49c0-4762-b5b6-cc66322b6648,fast,0|1|2|3|4|5|6|7|8|9|10|11|12|16|19|14|18|22|15|17|20|21|13,0.0067,0,False
491,5c57313c-033e-401c-aa1f-7426e25d1bba,fast,0|1|2|3|4|5|6|7|8|9|10|11|12|22|19|14|17|20|15|18|13|21|16,0.00674,0,False
492,9086c5ce-c142-49b7-9f8d-0ef4abb2f236,fast,0|1|2|3|4|5|6|7|8|9|10|11|12|21|22|17|14|15|20|19|18|13|16,0.006840000000000001,0,False
493,09ea2549-e5c2-471e-9e83-5ae5d9099098,fast,0|1|2|3|4|5|6|7|8|9|10|11|12|20|18|16|15|22|13|19|21|14|17,0.00683,0,False
494,a222ff68-5bd4-4457-979b-ddc65423617c,fast,0|1|2|3|4|5|6|7|8|9|10|11|12|21|19|15|17|20|22|16|18|14|13,0.0068000000000000005,0,False
495,71dd5ec7-0e58-49e4-bde3-041be8ec1a7e,fast,0|1|2|3|4|5|6|7|8|9|10|11|12|22|20|21|16|14|15|18|17|13|19,0.00685,0,False
496,d5953240-d231-4abf-b316-2c121087e6d3,fast,0|1|2|3|4|5|6|7|8|9|10|11|12|19|20|17|18|13|15|14|21|16|22,0.00695,0,False
497,44c1de13-311a-4d67-b915-a030d9a95fc0,fast,0|1|2|3|4|5|6|7|8|9|10|11|12|19|22|13|18|17|16|14|20|15|21,0.0068000000000000005,0,False
498,cabad264-bee1-4bfd-b477-c8d3cd1b17cb,fast,0|1|2|3|4|5|6|7|8|9|10|11|12|19|18|17|15|14|20|22|21|16|13,0.00674,0,False
499,652280c0-1390-47a7-ab03-b382a5eed2f0,fast,0|1|2|3|4|5|6|7|8|9|10|11|12|14|20|16|17|18|13|19|21|15|22,0.0069,0,False
500,6d8d6d98-838c-4b8e-8015-5bbc8e49195d,fast,0|1|2|3|4|5|6|7|8|9|10|11|12|19|16|20|13|15|14|21|18|17|22,0.006770000000000001,0,False
501,95fae0c7-efb4-4477-b1ab-fbad61b7bdd9,fast,0|1|2|3|4|5|6|7|8|9|10|11|12|21|19|18|13|15|20|16|22|17|14,0.0068200000000000005,0,False
502,a203db73-dcc7-4676-903f-a16a5ab4ca99,fast,0|1|2|3|4|5|6|7|8|9|10|11|12|17|21|14|20|19|15|18|22|13|16,0.00712,0,False
503,d190086d-e5b9-483f-97e3-b836b179d115,fast,0|1|2|3|4|5|6|7|8|9|10|11|12|18|14|17|13|15|19|21|16|20|22,0.00766,0,False
504,c59a9fd8-777a-42ad-af1c-8b94281575cc,fast,0|1|2|3|4|5|6|7|8|9|10|11|12|22|20|21|17|16|13|18|14|15|19,0.006730000000000001,0,False
505,407de197-9298-4da3-a979-d410b43acab2,fast,0|1|2|3|4|5|6|7|8|9|10|11|12|18|16|13|14|17|19|20|15|21|22,0.006790000000000001,0,False
506,a4731425-5989-4a8d-b49d-5bc1a6665638,fast,0|1|2|3|4|5|6|7|8|9|10|11|12|21|16|17|15|14|13|18|20|22|19,0.00672,0,False
507,9e26f458-b858-42d1-bcb3-d85b980e9a1f,fast,0|1|2|3|4|5|6|7|8|9|10|11|12|21|18|14|13|15|20|17|19|22|16,0.00699,0,False
508,2f81209f-e342-41d8-944f-cbf2660537ac,fast,0|1|2|3|4|5|6|7|8|9|10|11|12|22|21|14|17|15|13|16|20|19|18,0.0069,0,False
509,e03367c5-ec52-45dc-86d4-ce06426a1e39,fast,0|1|2|3|4|5|6|7|8|9|10|11|12|17|18|19|15|21|13|16|20|14|22,0.00699,0,False
510,639337a6-4413-4a2c-bd8e-34896b8e5168,fast,0|1|2|3|4|5|6|7|8|9|10|11|12|15|22|16|21|19|13|17|18|14|20,0.00681,0,False
511,a42e8edb-e275-48e7-b028-f49fb4262372,fast,0|1|2|3|4|5|6|7|8|9|10|11|12|21|22|16|14|18|13|17|15|20|19,0.00712,0,False
512,770e2e52-30fc-40a2-b059-2d600e4781f9,fast,0|1|2|3|4|5|6|7|8|9|10|11|12|16|22|14|13|19|17|21|20|15|18,0.006750000000000001,0,False
513,ba590556-5fe8-48b6-953e-1199b8edb0e4,fast,0|1|2|3|4|5|6|7|8|9|10|11|12|21|22|14|17|20|16|19|15|18|13,0.00676,0,False
514,d243ab2d-22f8-4a0f-bc56-43d9b1e342fe,fast,0|1|2|3|4|5|6|7|8|9|10|11|12|14|18|19|15|20|22|17|13|21|16,0.00685,0,False
515,25903d63-a59d-44b5-b582-06c6256bd68b,fast,0|1|2|3|4|5|6|7|8|9|10|11|12|22|17|13|14|18|19|15|21|16|20,0.007189999999999999,0,False
516,c244c4d9-22b0-4173-88cc-528f9d479bfe,fast,0|1|2|3|4|5|6|7|8|9|10|11|12|16|14|20|13|22|15|21|17|19|18,0.006860000000000001,0,False
517,b9b815b5-6fae-4066-9622-65ea730198e0,fast,0|1|2|3|4|5|6|7|8|9|10|11|12|15|17|14|16|20|22|13|18|21|19,0.006840000000000001,0,False
518,6e777740-4dad-4ee2-b504-30d9f9b63a47,fast,0|1|2|3|4|5|6|7|8|9|10|11|12|22|21|14|15|17|13|18|20|19|16,0.0069099999999999995,0,False
519,0f50dcc9-088d-4f67-ad82-99516be63c8c,fast,0|1|2|3|4|5|6|7|8|9|10|11|12|18|17|19|16|22|20|15|21|14|13,0.006860000000000001,0,False
520,8b8440bb-61d0-4544-840a-ae0537686e63,fast,0|1|2|3|4|5|6|7|8|9|10|11|12|14|22|15|18|16|21|20|19|17|13,0.006710000000000001,0,False
521,e8abdae6-e86e-4098-aadf-cedffe3046df,fast,0|1|2|3|4|5|6|7|8|9|10|11|12|20|18|17|16|22|13|14|21|15|19,0.006790000000000001,0,False
522,640252ab-9e9c-47dd-8412-41f80b030b6a,fast,0|1|2|3|4|5|6|7|8|9|10|11|12|19|21|18|15|22|20|17|14|16|13,0.0066300000000000005,0,True
523,1d44f7f5-bcfd-43c4-8468-c972f1fda40b,fast,0|1|2|3|4|5|6|7|8|9|10|11|12|14|21|16|20|17|19|22|18|15|13,0.006919999999999999,0,False
524,02751488-5978-4806-8f4f-b8cdcdcd4412,fast,0|1|2|3|4|5|6|7|8|9|10|11|12|19|21|17|15|18|13|16|20|14|22,0.00687,0,False
525,24e2dacc-18d8-4940-90ae-fecf0859d77c,fast,0|1|2|3|4|5|6|7|8|9|10|11|12|19|18|16|13|14|21|20|17|15|22,0.006860000000000001,0,False
526,c0e6c000-4e34-4f5d-ab0b-b84b79f423a8,fast,0|1|2|3|4|5|6|7|8|9|10|11|12|21|15|20|14|17|22|13|19|18|16,0.006790000000000001,0,False
527,106bc46d-8a22-4b12-8d4f-2ab150cc40b7,fast,0|1|2|3|4|5|6|7|8|9|10|11|12|15|22|19|13|14|17|20|18|21|16,0.006840000000000001,0,False
528,7b2effd6-18c8-427c-83db-c9687278c2db,fast,0|1|2|3|4|5|6|7|8|9|10|11|12|16|22|15|17|14|21|19|20|13|18,0.006790000000000001,0,False
529,bbae08cc-8e59-4e5b-89de-d9cb80ccff7d,fast,0|1|2|3|4|5|6|7|8|9|10|11|12|15|20|14|16|17|18|19|21|13|22,0.0068000000000000005,0,False
530,830262a3-0669-4ae6-b01f-ceab2086f9c6,fast,0|1|2|3|4|5|6|7|8|9|10|11|12|20|19|14|15|21|22|16|17|18|13,0.006730000000000001,0,False
531,b86c87b5-4df3-49a6-b724-4735773675ab,fast,0|1|2|3|4|5|6|7|8|9|10|11|12|21|22|19|20|17|18|16|13|14|15,0.006770000000000001,0,False
532,435d70cf-77af-4ca2-986c-343d7428abb7,fast,0|1|2|3|4|5|6|7|8|9|10|11|12|18|19|20|16|14|21|22|15|17|13,0.0067,0,False
533,4a8b2115-47d4-4444-a4f4-c299ff520126,fast,0|1|2|3|4|5|6|7|8|9|10|11|12|22|19|21|17|18|14|16|15|13|20,0.006889999999999999,0,False
534,1630a763-2bde-473c-8296-601bcb1d0add,fast,0|1|2|3|4|5|6|7|8|9|10|11|12|14|22|19|21|18|20|13|17|15|16,0.006860000000000001,0,False
535,804b9ae9-a1ea-4fe7-a080-f73b3f03497e,fast,0|1|2|3|4|5|6|7|8|9|10|11|12|18|21|16|15|14|19|20|22|17|13,0.00683,0,False
536,d318ccaf-9ba2-4550-a9c7-42c284d34e37,fast,0|1|2|3|4|5|6|7|8|9|10|11|12|20|22|14|18|17|21|15|19|13|16,0.00681,0,False
537,e580a28d-6cc5-4587-9575-c239175393c0,fast,0|1|2|3|4|5|6|7|8|9|10|11|12|17|20|19|16|15|13|21|22|18|14,0.006939999999999999,0,False
538,c207ce2e-d5d6-4b74-a69d-f62bacae7f08,fast,0|1|2|3|4|5|6|7|8|9|10|11|12|18|20|15|13|14|16|21|17|19|22,0.0069299999999999995,0,False
539,a4c738c4-40bd-4fbc-84a6-eefa746bc4c1,fast,0|1|2|3|4|5|6|7|8|9|10|11|12|17|22|13|14|20|21|19|15|18|16,0.0069,0,False
540,0807ea11-bcd7-45b5-b6d3-27e35ff51ca5,fast,0|1|2|3|4|5|6|7|8|9|10|11|12|22|18|17|15|19|14|16|20|13|21,0.0067800000000000004,0,False
541,82bf2968-9a20-41f3-915c-62e1715bf567,fast,0|1|2|3|4|5|6|7|8|9|10|11|12|13|19|16|18|22|20|17|21|14|15,0.00688,0,False
542,62841d34-7dce-4143-b4d6-3c8288d78a7b,fast,0|1|2|3|4|5|6|7|8|9|10|11|12|19|20|15|18|17|16|21|14|13|22,0.0069299999999999995,0,False
543,95ad2767-b340-461b-ba98-ce0655829dbd,fast,0|1|2|3|4|5|6|7|8|9|10|11|12|21|22|14|15|20|17|19|18|16|13,0.006840000000000001,0,False
544,4e030cc2-06ad-41d8-9fe8-b109c1eed10f,fast,0|1|2|3|4|5|6|7|8|9|10|11|12|21|18|13|15|20|16|17|14|22|19,0.006790000000000001,0,False
545,9dc31c45-2299-4316-9720-46f48fb090c7,fast,0|1|2|3|4|5|6|7|8|9|10|11|12|20|21|22|15|17|16|14|19|18|13,0.00703,0,False
546,9f8346d9-a720-4e8a-a4e2-5ac5c05d969f,fast,0|1|2|3|4|5|6|7|8|9|10|11|12|21|20|13|15|14|17|18|16|22|19,0.00755,0,False
547,6615c217-f44b-4715-bb4c-77a0c58b6f58,fast,0|1|2|3|4|5|6|7|8|9|10|11|12|14|22|17|19|21|20|16|18|15|13,0.006860000000000001,0,False
548,89f63166-fded-41fa-b953-399215ee8bbf,fast,0|1|2|3|4|5|6|7|8|9|10|11|12|20|22|19|21|17|14|15|18|13|16,0.007189999999999999,0,False
549,658e2d05-ee7f-4602-941c-6340633e93ef,fast,0|1|2|3|4|5|6|7|8|9|10|11|12|16|20|13|19|17|22|14|18|21|15,0.00755,0,False
550,44436ef0-324f-4dc1-84ee-c56d2d69d8cc,fast,0|1|2|3|4|5|6|7|8|9|10|11|12|19|17|18|14|21|15|16|20|13|22,0.00683,0,False
551,19ec759b-f190-45cc-bbf1-88bab3c9229f,fast,0|1|2|3|4|5|6|7|8|9|10|11|12|19|22|18|15|17|20|16|14|21|13,0.006959999999999999,0,False
552,aee9cb22-4ee7-4dd6-94cb-c72b5fb8ab5f,fast,0|1|2|3|4|5|6|7|8|9|10|11|12|21|19|20|16|14|18|22|17|13|15,0.00697,0,False
553,047738a7-ac64-4fbf-9a95-29672390bcef,fast,0|1|2|3|4|5|6|7|8|9|10|11|12|20|18|19|15|14|21|22|17|13|16,0.00687,0,False
554,56aeb470-4d09-4f69-a5ad-106e5c4339de,fast,0|1|2|3|4|5|6|7|8|9|10|11|12|20|15|17|14|13|19|16|18|22|21,0.006860000000000001,0,False
555,ab13109d-b351-4484-9a29-4d2f8cc3460c,fast,0|1|2|3|4|5|6|7|8|9|10|11|12|18|20|17|19|14|16|21|22|15|13,0.00687,0,False
556,1ce5e98f-8422-413c-a3b7-bfb0ddf2dfd5,fast,0|1|2|3|4|5|6|7|8|9|10|11|12|20|16|18|15|19|21|14|17|13|22,0.006919999999999999,0,False
557,101a1dd3-f734-4df9-b3d1-2d6085bbd759,fast,0|1|2|3|4|5|6|7|8|9|10|11|12|15|20|13|14|16|19|22|17|18|21,0.0069,0,False
558,dcca3c21-8f53-476c-a28b-96fc439925ed,fast,0|1|2|3|4|5|6|7|8|9|10|11|12|15|19|20|18|21|16|22|14|17|13,0.006860000000000001,0,False
559,33c737d0-c67c-4e37-973b-b350a1e81c0a,fast,0|1|2|3|4|5|6|7|8|9|10|11|12|17|21|16|18|15|13|20|19|14|22,0.0070599999999999994,0,False
560,8af60603-f6df-4d80-8276-71e08996da8d,fast,0|1|2|3|4|5|6|7|8|9|10|11|12|20|18|19|15|14|13|17|16|22|21,0.0072499999999999995,0,False
561,4eb440a1-402c-4357-82d7-984a361fcd11,fast,0|1|2|3|4|5|6|7|8|9|10|11|12|22|17|13|15|20|16|14|19|18|21,0.00683,0,False
562,e28cb26e-2a2b-4188-abcd-93e2d6e9f62c,fast,0|1|2|3|4|5|6|7|8|9|10|11|12|21|19|17|18|20|13|22|16|14|15,0.0068200000000000005,0,False
563,3626293c-2fc3-4b5b-8235-6192a7a1e495,fast,0|1|2|3|4|5|6|7|8|9|10|11|12|17|22|21|20|14|19|16|18|13|15,0.0068000000000000005,0,False
564,dc957127-08f4-41bc-9c81-7cb8eca1a26e,fast,0|1|2|3|4|5|6|7|8|9|10|11|12|20|22|15|19|18|13|16|17|14|21,0.00718,0,False
565,9168831b-bd8d-4130-a160-e5c31e8b1c94,fast,0|1|2|3|4|5|6|7|8|9|10|11|12|16|22|20|19|21|13|18|17|15|14,0.00685,0,False
566,e25036a9-225f-4edb-8cbc-2db622bac3c2,fast,0|1|2|3|4|5|6|7|8|9|10|11|12|16|21|15|19|20|18|17|22|14|13,0.006790000000000001,0,False
567,c1254412-f94b-4e38-9e7f-c008e3784bae,fast,0|1|2|3|4|5|6|7|8|9|10|11|12|17|22|14|16|15|19|20|21|13|18,0.006979999999999999,0,False
568,ca45b638-67a2-4183-b9c0-269a1351bf2e,fast,0|1|2|3|4|5|6|7|8|9|10|11|12|21|22|13|20|17|15|14|19|16|18,0.0068200000000000005,0,False
569,1e600a1c-be6b-496e-b205-ca432ea23bcc,fast,0|1|2|3|4|5|6|7|8|9|10|11|12|14|22|16|20|17|18|19|21|13|15,0.006790000000000001,0,False
570,13c9c6de-0931-415c-a087-e3107bc532fc,fast,0|1|2|3|4|5|6|7|8|9|10|11|12|22|19|14|17|18|21|16|20|15|13,0.00728,0,False
571,431d0d7e-45dd-45db-b087-f4b7bdd1ad88,fast,0|1|2|3|4|5|6|7|8|9|10|11|12|14|22|15|21|13|18|16|19|17|20,0.00831,0,False
572,40718dd3-f986-408a-8ccd-5f48f7414752,fast,0|1|2|3|4|5|6|7|8|9|10|11|12|15|21|14|19|17|18|13|22|16|20,0.0069,0,False
573,28817e62-b307-42e4-ac38-5949e835ca94,fast,0|1|2|3|4|5|6|7|8|9|10|11|12|21|20|19|15|13|14|17|18|16|22,0.006959999999999999,0,False
574,36e0af73-efb1-4c33-95b9-b7ab74c28f58,fast,0|1|2|3|4|5|6|7|8|9|10|11|12|22|19|16|17|21|13|14|18|20|15,0.00724,0,False
575,3f0489d6-da65-4acc-805c-287273924ceb,fast,0|1|2|3|4|5|6|7|8|9|10|11|12|17|21|18|20|16|14|19|13|15|22,0.00676,0,False
576,936b73ed-380b-442f-bec9-7e16417dda9c,fast,0|1|2|3|4|5|6|7|8|9|10|11|12|19|15|16|14|13|20|21|18|22|17,0.0069,0,False
577,6d30ed7c-513c-463a-b7b0-a301f0e63896,fast,0|1|2|3|4|5|6|7|8|9|10|11|12|22|20|18|15|17|13|16|19|21|14,0.0068200000000000005,0,False
578,bef1aa30-2747-4baf-817f-06602b0f85ad,fast,0|1|2|3|4|5|6|7|8|9|10|11|12|14|22|13|16|17|20|18|19|15|21,0.00795,0,False
579,b5b2ca42-e99c-4f42-9b10-fc7eafc1d022,fast,0|1|2|3|4|5|6|7|8|9|10|11|12|13|21|14|18|22|19|16|20|15|17,0.006860000000000001,0,False
580,c3d4f01a-7354-4355-b4e8-6fe3e9f67f37,fast,0|1|2|3|4|5|6|7|8|9|10|11|12|22|17|20|15|14|18|13|19|16|21,0.0067800000000000004,0,False
581,9b987e70-c8c0-46fe-acc9-26dfd4d68bb4,fast,0|1|2|3|4|5|6|7|8|9|10|11|12|14|21|17|20|15|18|22|19|13|16,0.0069,0,False
582,6e41f33c-95f3-428c-96d7-ee278c17ff03,fast,0|1|2|3|4|5|6|7|8|9|10|11|12|13|22|16|17|19|21|14|18|15|20,0.00674,0,False
583,fbb8d984-14b3-427b-a607-12054a837a3d,fast,0|1|2|3|4|5|6|7|8|9|10|11|12|13|22|17|21|16|14|15|19|20|18,0.006770000000000001,0,False
584,4450c8b5-9f37-491b-a97b-e3b471f2b6cd,fast,0|1|2|3|4|5|6|7|8|9|10|11|12|22|18|20|16|13|17|14|19|21|15,0.00695,0,False
585,9f6516c5-3fc4-42c1-8b4d-d063a7d4dcaa,fast,0|1|2|3|4|5|6|7|8|9|10|11|12|13|19|16|17|18|20|22|21|14|15,0.00676,0,False
586,07d70c4c-9b6c-44fe-9e5b-04edbbd20865,fast,0|1|2|3|4|5|6|7|8|9|10|11|12|16|21|14|17|13|19|18|22|15|20,0.00688,0,False
587,21280690-502f-4968-a590-81c7e2619f75,fast,0|1|2|3|4|5|6|7|8|9|10|11|12|13|22|17|18|20|19|15|21|14|16,0.00683,0,False
588,86c1d856-f0f9-4ccd-a84d-1bfb230f013e,fast,0|1|2|3|4|5|6|7|8|9|10|11|12|22|16|19|15|14|17|20|13|18|21,0.00674,0,False
589,09cc13a6-f152-4345-81de-45f58c24600d,fast,0|1|2|3|4|5|6|7|8|9|10|11|12|14|22|16|20|15|21|13|19|18|17,0.0069299999999999995,0,False
590,8a926eed-e4be-4a96-a0cc-95ed08a7239d,fast,0|1|2|3|4|5|6|7|8|9|10|11|12|20|19|17|13|14|16|18|22|15|21,0.006790000000000001,0,False
591,2d78fe2d-5f9a-4276-a8b6-e4b330831993,fast,0|1|2|3|4|5|6|7|8|9|10|11|12|15|22|19|20|16|13|18|14|21|17,0.006750000000000001,0,False
592,9886eff9-0606-4af4-b297-56ab9506ebd3,fast,0|1|2|3|4|5|6|7|8|9|10|11|12|15|22|16|17|18|20|21|19|14|13,0.00676,0,False
593,dc581497-80ba-4991-a6e8-6f4117bbb7cc,fast,0|1|2|3|4|5|6|7|8|9|10|11|12|16|22|15|18|14|21|19|20|13|17,0.00676,0,False
594,0142cbc1-4ea0-483f-9de9-d45075386f2d,fast,0|1|2|3|4|5|6|7|8|9|10|11|12|22|18|14|17|13|20|15|21|19|16,0.006790000000000001,0,False
595,cea27dbb-e45e-45dd-8cd5-7ee916707281,fast,0|1|2|3|4|5|6|7|8|9|10|11|12|14|19|16|18|20|17|13|21|15|22,0.00683,0,False
596,45dc0f7f-7485-4ed4-bb5c-a58833e637c7,fast,0|1|2|3|4|5|6|7|8|9|10|11|12|16|17|20|15|13|14|18|21|22|19,0.00681,0,False
597,5d914f7c-cb11-4fdb-9152-bdb2a187e0fa,fast,0|1|2|3|4|5|6|7|8|9|10|11|12|15|18|19|17|13|16|14|22|21|20,0.006790000000000001,0,False
598,a79c1ab8-3ea3-4322-b43b-ecdc7f1b1df8,fast,0|1|2|3|4|5|6|7|8|9|10|11|12|19|21|20|18|13|16|15|17|14|22,0.00683,0,False
599,6794f100-b695-4352-8e6d-b076d457c1f6,fast,0|1|2|3|4|5|6|7|8|9|10|11|12|22|18|17|15|13|21|16|20|14|19,0.00681,0,False
600,dd235dfc-914f-4044-a6f3-c47426f0c5a5,fast,0|1|2|3|4|5|6|7|8|9|10|11|12|19|22|15|21|14|18|13|20|16|17,0.006690000000000001,0,False
601,67f62c8a-9470-4ba5-ae47-dc4f507f6f1f,fast,0|1|2|3|4|5|6|7|8|9|10|11|12|15|21|18|19|13|17|22|16|14|20,0.00676,0,False
602,bb78af4b-b639-4efc-bc45-9f6cf9a8cff5,fast,0|1|2|3|4|5|6|7|8|9|10|11|12|16|17|15|14|19|22|18|21|20|13,0.006690000000000001,0,False
603,f4c23de0-1278-460e-ba37-88b765e0dcf3,fast,0|1|2|3|4|5|6|7|8|9|10|11|12|21|22|17|18|13|15|19|16|14|20,0.006790000000000001,0,False
604,fd7c722f-e7bb-4fce-9703-fa95d8540ca0,fast,0|1|2|3|4|5|6|7|8|9|10|11|12|22|20|15|17|18|16|14|19|13|21,0.00787,0,False
605,96556137-05f5-4060-9dc9-53b088c576c0,fast,0|1|2|3|4|5|6|7|8|9|10|11|12|13|22|14|21|18|15|19|17|16|20,0.0072299999999999994,0,False
606,ffcc3dbb-34ef-43c8-b6a2-a3ce54909db9,fast,0|1|2|3|4|5|6|7|8|9|10|11|12|17|22|15|21|18|20|19|16|14|13,0.00676,0,False
607,a0f40b76-1587-4f70-be72-d49fc02353b4,fast,0|1|2|3|4|5|6|7|8|9|10|11|12|18|22|17|20|14|19|13|21|15|16,0.006860000000000001,0,False
608,14c8314e-12e7-4d39-b4ea-2cd52d02c2f8,fast,0|1|2|3|4|5|6|7|8|9|10|11|12|14|22|15|18|20|17|16|13|21|19,0.00685,0,False
609,708039a5-6000-4664-8377-909c99dfd1e8,fast,0|1|2|3|4|5|6|7|8|9|10|11|12|20|16|18|14|17|13|21|15|19|22,0.006860000000000001,0,False
610,6af0cd13-02a2-463a-989f-d372c55eb524,fast,0|1|2|3|4|5|6|7|8|9|10|11|12|17|16|13|14|22|21|15|18|19|20,0.00685,0,False
611,e3e48a78-c1e5-4de9-983a-4c4cdebfa634,fast,0|1|2|3|4|5|6|7|8|9|10|11|12|16|20|21|18|15|13|14|17|19|22,0.006919999999999999,0,False
612,3a1b5562-d350-471b-a4bf-886382c6b9b8,fast,0|1|2|3|4|5|6|7|8|9|10|11|12|19|21|13|20|17|14|22|18|16|15,0.00683,0,False
613,475a1cb8-fae1-483f-b76e-fb6b8a2353b0,fast,0|1|2|3|4|5|6|7|8|9|10|11|12|21|22|16|19|15|17|18|20|14|13,0.00714,0,False
614,7c8a8710-227b-4dcb-bc85-6b53ccfe0e90,fast,0|1|2|3|4|5|6|7|8|9|10|11|12|16|22|15|21|14|20|19|18|17|13,0.006860000000000001,0,False
615,a6907594-940f-4313-b770-f3b5ad16b0b7,fast,0|1|2|3|4|5|6|7|8|9|10|11|12|21|22|19|13|15|20|18|16|17|14,0.00758,0,False
616,07f1db0e-e6fb-4897-a99c-df12524d0ec2,fast,0|1|2|3|4|5|6|7|8|9|10|11|12|17|14|22|13|15|16|20|18|19|21,0.00685,0,False
617,d2848d7f-e07d-41d1-8859-83eee6f82430,fast,0|1|2|3|4|5|6|7|8|9|10|11|12|13|20|16|19|14|22|15|17|21|18,0.00695,0,False
618,0b616130-1e4b-408f-b2ba-21a452cf01f9,fast,0|1|2|3|4|5|6|7|8|9|10|11|12|22|20|13|19|15|17|18|16|14|21,0.006840000000000001,0,False
619,c7e21588-12d7-4702-8449-4fa6072c64e4,fast,0|1|2|3|4|5|6|7|8|9|10|11|12|14|19|22|18|16|20|13|15|17|21,0.006840000000000001,0,False
620,c0508225-4e67-429e-a29b-7055a30fe1fb,fast,0|1|2|3|4|5|6|7|8|9|10|11|12|20|22|15|18|14|19|13|21|17|16,0.00681,0,False
621,4397c5df-93fc-4437-a9f0-f61b80cca074,fast,0|1|2|3|4|5|6|7|8|9|10|11|12|16|22|19|21|20|14|13|18|17|15,0.00685,0,False
622,607562a9-b35d-49d5-8829-3772fd57d3a2,fast,0|1|2|3|4|5|6|7|8|9|10|11|12|16|22|19|13|20|15|18|17|14|21,0.0069,0,False
623,658c8e2c-362a-48b1-bf92-beafc1ac9ca8,fast,0|1|2|3|4|5|6|7|8|9|10|11|12|21|18|14|16|17|15|19|20|13|22,0.006860000000000001,0,False
624,0d8d43dc-dfd1-482c-88bf-76f0d90b3dc3,fast,0|1|2|3|4|5|6|7|8|9|10|11|12|17|22|15|13|21|16|19|14|20|18,0.00745,0,False
625,c12703dc-614a-4056-9a3b-e13447fb695a,fast,0|1|2|3|4|5|6|7|8|9|10|11|12|19|18|16|15|21|14|17|22|13|20,0.00683,0,False
626,2558ac6e-b757-472e-b473-feb4ba9a975e,fast,0|1|2|3|4|5|6|7|8|9|10|11|12|20|22|17|16|21|18|15|19|13|14,0.006790000000000001,0,False
627,bdbc8827-3794-449d-961e-70c282b852cc,fast,0|1|2|3|4|5|6|7|8|9|10|11|12|15|22|16|17|14|18|13|20|19|21,0.006979999999999999,0,False
628,bf18970d-80af-4ad5-859d-9c7a8d784711,fast,0|1|2|3|4|5|6|7|8|9|10|11|12|14|20|19|18|13|17|15|22|16|21,0.00681,0,False
629,9482a3d6-557c-42cb-9a24-f3c7b332160e,fast,0|1|2|3|4|5|6|7|8|9|10|11|12|15|21|19|20|13|14|16|22|18|17,0.0069099999999999995,0,False
630,b4dced2b-6900-4c1f-b7c6-5fac9f370d3a,fast,0|1|2|3|4|5|6|7|8|9|10|11|12|14|20|15|19|18|21|16|22|17|13,0.00676,0,False
631,facd209b-361f-4a1f-b973-ac8e7364cc10,fast,0|1|2|3|4|5|6|7|8|9|10|11|12|22|21|18|15|20|14|19|17|13|16,0.006889999999999999,0,False
632,ded0a5fa-c126-49af-b9b6-19517dcdf5b8,fast,0|1|2|3|4|5|6|7|8|9|10|11|12|18|22|17|16|19|20|15|21|14|13,0.0068000000000000005,0,False
