,ID,Phase,Mode,Runtime,Elapsed_Time
0,93019b54-5b34-42c1-be21-f9de8a1b85ba,0|1|2|3|4|5|6|7|8|9|10|11|12|13|15|18|21|17|20|19|16|14|22,fast,0.129,0.129
1,db7ada45-8845-4075-b8df-a1de4b6b9add,0|1|2|3|4|5|6|7|8|9|10|11|12|13|14|17|19|21|20|15|22|16|18,fast,0.129,0.129
2,d6825ccc-93d6-4f5b-a249-2c750c27f18c,0|1|2|3|4|5|6|7|8|9|10|11|12|13|15|22|16|17|21|14|18|20|19,fast,0.128,0.128
3,57fdaa13-a821-4904-9608-14b8b13a8d5a,0|1|2|3|4|5|6|7|8|9|10|11|12|13|20|17|14|18|16|19|15|21|22,fast,0.128,0.128
4,144632ee-5983-41f5-8869-872fbfa15b04,0|1|2|3|4|5|6|7|8|9|10|11|12|13|20|18|17|19|16|21|14|15|22,fast,0.129,0.129
5,067ea94e-87a6-422f-a371-e989ddc42e32,0|1|2|3|4|5|6|7|8|9|10|11|12|13|15|19|18|20|14|17|16|21|22,fast,0.131,0.131
6,9a9087eb-c4ff-4c9c-975d-f909fd41555d,0|1|2|3|4|5|6|7|8|9|10|11|12|13|15|20|17|16|21|18|14|19|22,fast,0.128,0.128
7,7a667788-f87b-41f4-8538-5ab264657842,0|1|2|3|4|5|6|7|8|9|10|11|12|13|16|15|17|19|21|18|14|22|20,fast,0.129,0.129
8,80a8b703-3982-47cb-838e-91a3622e4536,0|1|2|3|4|5|6|7|8|9|10|11|12|13|22|20|19|14|16|18|17|21|15,fast,0.129,0.129
9,42a18355-e4eb-4206-a414-116c2f331a5b,0|1|2|3|4|5|6|7|8|9|10|11|12|13|19|21|22|16|18|20|15|17|14,fast,0.13,0.13
10,47973eb8-c408-4b6d-96db-55c849534032,0|1|2|3|4|5|6|7|8|9|10|11|12|13|19|22|15|14|20|17|16|21|18,fast,0.13,0.13
11,2b29d3e4-755d-49b3-80d9-042f89d081c8,0|1|2|3|4|5|6|7|8|9|10|11|12|13|19|20|18|21|14|15|16|17|22,fast,0.133,0.133
12,475074ff-cef9-4eeb-aa3b-844a1efe8d49,0|1|2|3|4|5|6|7|8|9|10|11|12|13|20|16|21|18|15|17|14|22|19,fast,0.133,0.133
13,9a39ae22-ba24-40d6-8339-33ccc75d72fb,0|1|2|3|4|5|6|7|8|9|10|11|12|13|14|22|15|18|16|19|20|17|21,fast,0.133,0.133
14,16ff6ceb-78c0-4531-a49e-3948a2cfd291,0|1|2|3|4|5|6|7|8|9|10|11|12|13|14|18|15|20|17|21|22|16|19,fast,0.13,0.13
15,1b67bf58-a6a8-4a5a-8330-a95b343aae41,0|1|2|3|4|5|6|7|8|9|10|11|12|13|15|17|14|22|19|20|18|16|21,fast,0.131,0.131
16,cab7cecf-dbfe-4854-9dc8-13831debc2d8,0|1|2|3|4|5|6|7|8|9|10|11|12|13|14|16|21|15|18|20|22|19|17,fast,0.131,0.131
17,ae5161bb-7ddf-4bbc-b17a-9b47152d5d47,0|1|2|3|4|5|6|7|8|9|10|11|12|13|22|17|20|21|16|14|19|18|15,fast,0.132,0.132
18,1c3d135e-b47b-4c1d-ac8b-b25d1014abdb,0|1|2|3|4|5|6|7|8|9|10|11|12|13|21|20|19|22|17|18|16|15|14,fast,0.13,0.13
19,b071acbb-2326-4564-b258-27fa6f8c84b1,0|1|2|3|4|5|6|7|8|9|10|11|12|13|16|21|22|14|17|19|20|15|18,fast,0.13,0.13
20,52e282bd-8961-4acc-85e4-942d52a0dbaf,0|1|2|3|4|5|6|7|8|9|10|11|12|13|17|14|18|21|15|20|19|16|22,fast,0.13,0.13
21,b4f396d4-5067-4c17-86cd-ec29b20b1338,0|1|2|3|4|5|6|7|8|9|10|11|12|13|17|18|16|14|21|20|22|15|19,fast,0.132,0.132
22,07a5dbd6-e1ac-4819-a608-3dc16f57a3bd,0|1|2|3|4|5|6|7|8|9|10|11|12|13|15|18|20|14|22|19|21|16|17,fast,0.132,0.132
23,5e722f5d-621b-458a-8d05-39a79934a2fb,0|1|2|3|4|5|6|7|8|9|10|11|12|13|20|14|16|21|18|22|19|15|17,fast,0.13,0.13
24,2cfbf1f2-0bd2-4d4b-9a2a-4ee2c26c2fe2,0|1|2|3|4|5|6|7|8|9|10|11|12|13|22|19|14|15|17|16|18|21|20,fast,0.132,0.132
25,8628bc94-a037-4459-b5e6-f99e14d3e9b4,0|1|2|3|4|5|6|7|8|9|10|11|12|13|19|22|17|14|20|18|21|16|15,fast,0.131,0.131
26,5f85130c-e290-49ae-a93a-31c4770855d0,0|1|2|3|4|5|6|7|8|9|10|11|12|13|22|21|20|17|18|15|19|14|16,fast,0.131,0.131
27,f2e2c426-6d50-4549-a17a-ba04726c518d,0|1|2|3|4|5|6|7|8|9|10|11|12|13|20|18|19|22|16|15|17|14|21,fast,0.132,0.132
28,4764265b-11bc-4cbc-9697-208718283210,0|1|2|3|4|5|6|7|8|9|10|11|12|13|17|16|19|22|18|20|14|21|15,fast,0.132,0.132
29,eb2079e7-910a-4cc8-9fda-f25037b7b003,0|1|2|3|4|5|6|7|8|9|10|11|12|13|14|22|21|17|18|15|20|16|19,fast,0.132,0.132
30,b94abe7e-ff44-47e1-9547-154ffefe13a6,0|1|2|3|4|5|6|7|8|9|10|11|12|13|20|16|15|21|18|19|14|22|17,fast,0.133,0.133
31,c23ad866-a15a-4c47-9613-4ae3f5bc243d,0|1|2|3|4|5|6|7|8|9|10|11|12|13|21|20|19|16|14|17|15|18|22,fast,0.131,0.131
32,b623b9e2-c5f9-48be-92cd-e5dc5b202b24,0|1|2|3|4|5|6|7|8|9|10|11|12|13|22|19|15|14|17|20|16|18|21,fast,0.13,0.13
33,c9c1bb07-f853-412c-9f56-70c1118ab85f,0|1|2|3|4|5|6|7|8|9|10|11|12|13|17|20|21|18|22|14|15|16|19,fast,0.128,0.128
34,542ab71e-53e4-490a-83e8-7c6c3f5c8984,0|1|2|3|4|5|6|7|8|9|10|11|12|13|19|20|14|21|15|17|18|22|16,fast,0.13,0.13
35,bd9a20d0-142c-49f7-8680-aac2a4a08d80,0|1|2|3|4|5|6|7|8|9|10|11|12|13|17|15|21|14|18|16|20|22|19,fast,0.133,0.133
36,092f137d-e2fa-4246-8538-192b9926b10a,0|1|2|3|4|5|6|7|8|9|10|11|12|13|20|22|19|14|17|15|16|21|18,fast,0.13,0.13
37,32b1a91e-5d85-4c8b-bc28-6befa4e0232c,0|1|2|3|4|5|6|7|8|9|10|11|12|13|21|14|22|20|17|16|19|18|15,fast,0.13,0.13
38,76cd7327-908f-4a14-a782-4e1f178533db,0|1|2|3|4|5|6|7|8|9|10|11|12|13|16|19|22|18|14|17|15|21|20,fast,0.13,0.13
39,8ffaf2d5-295d-4daa-83fb-e023b6b1a842,0|1|2|3|4|5|6|7|8|9|10|11|12|13|22|21|15|18|17|16|20|14|19,fast,0.133,0.133
40,f42a1d08-9965-4550-8612-d3dc96d01e91,0|1|2|3|4|5|6|7|8|9|10|11|12|13|19|18|14|16|20|21|22|17|15,fast,0.132,0.132
41,9dd27918-17cb-46f1-a7e5-36d82a78a8d1,0|1|2|3|4|5|6|7|8|9|10|11|12|13|20|18|17|22|15|21|16|14|19,fast,0.131,0.131
42,c6e40ef6-0961-449c-85ce-a368220e5b1a,0|1|2|3|4|5|6|7|8|9|10|11|12|13|15|18|16|14|20|21|22|17|19,fast,0.127,0.127
43,d1eeab39-955d-4644-9dd6-d6b5b300e3e3,0|1|2|3|4|5|6|7|8|9|10|11|12|13|22|18|16|19|14|15|17|21|20,fast,0.129,0.129
44,ea61e24d-1405-4516-8815-36815c1712d1,0|1|2|3|4|5|6|7|8|9|10|11|12|13|15|21|17|19|22|16|18|20|14,fast,0.128,0.128
45,086f5987-90b4-4860-9951-bceee3d8aba8,0|1|2|3|4|5|6|7|8|9|10|11|12|13|17|19|16|15|20|18|14|21|22,fast,0.127,0.127
46,f380e69c-c09b-4e56-8a3c-0d687a66e7aa,0|1|2|3|4|5|6|7|8|9|10|11|12|13|22|18|14|16|17|15|19|21|20,fast,0.127,0.127
47,1c572b94-e9a2-4adc-99a8-bfe2f981ce74,0|1|2|3|4|5|6|7|8|9|10|11|12|13|21|18|14|16|22|17|19|15|20,fast,0.131,0.131
48,35cfdcdb-73a8-4b12-9efb-30e1f7b2cd2a,0|1|2|3|4|5|6|7|8|9|10|11|12|13|17|15|18|14|16|21|22|19|20,fast,0.129,0.129
49,ea7fce38-2d63-4732-9784-c5679736a938,0|1|2|3|4|5|6|7|8|9|10|11|12|13|19|14|20|16|21|17|22|15|18,fast,0.129,0.129
50,4932e9c5-33a7-4cde-8a5e-1f6039b5d71a,0|1|2|3|4|5|6|7|8|9|10|11|12|13|15|16|21|22|19|20|17|14|18,fast,0.128,0.128
51,7e5eb3f1-e3b5-4de9-817a-e6e373c57d54,0|1|2|3|4|5|6|7|8|9|10|11|12|13|15|20|19|18|14|16|17|21|22,fast,0.129,0.129
52,6a2984d8-1d04-4133-8d5e-d7f641c74fef,0|1|2|3|4|5|6|7|8|9|10|11|12|13|17|15|19|20|16|18|14|21|22,fast,0.13,0.13
53,c06e562a-a639-425c-a6ef-78aaf0f21818,0|1|2|3|4|5|6|7|8|9|10|11|12|13|15|16|20|14|19|22|18|21|17,fast,0.129,0.129
54,bb773e32-3aae-42e9-8b13-d8f7a88abf08,0|1|2|3|4|5|6|7|8|9|10|11|12|13|16|21|22|18|19|14|15|20|17,fast,0.129,0.129
55,44ecd2b0-b509-4254-9c29-e83df98bdc51,0|1|2|3|4|5|6|7|8|9|10|11|12|13|14|18|21|19|15|16|20|22|17,fast,0.128,0.128
56,52612522-eed8-4d21-b2af-a793f16038b2,0|1|2|3|4|5|6|7|8|9|10|11|12|13|15|19|20|18|16|17|22|21|14,fast,0.128,0.128
57,066efa18-2998-408f-b3fa-0e9c5b90a20c,0|1|2|3|4|5|6|7|8|9|10|11|12|13|19|22|21|14|20|15|17|16|18,fast,0.13,0.13
58,8c0ee40f-c11d-4c5b-b174-573408a3e469,0|1|2|3|4|5|6|7|8|9|10|11|12|13|19|20|22|16|14|21|17|15|18,fast,0.129,0.129
59,6258f9e8-971e-4116-b4c3-e0d17b22c778,0|1|2|3|4|5|6|7|8|9|10|11|12|13|19|22|16|21|14|17|15|20|18,fast,0.131,0.131
60,f229f250-8859-4b31-bf6a-2b1bb88c01d4,0|1|2|3|4|5|6|7|8|9|10|11|12|13|21|16|19|20|17|14|22|18|15,fast,0.132,0.132
61,fbdc5d7b-db48-41f0-b687-01c0b2047c7d,0|1|2|3|4|5|6|7|8|9|10|11|12|13|15|16|19|22|17|18|14|20|21,fast,0.129,0.129
62,315a2f45-d12f-44b6-bb68-816fdf12bb13,0|1|2|3|4|5|6|7|8|9|10|11|12|13|21|15|18|22|14|17|20|19|16,fast,0.13,0.13
63,3cec7a1f-0863-4c03-abc2-55b9689cd963,0|1|2|3|4|5|6|7|8|9|10|11|12|13|17|14|16|15|19|21|22|18|20,fast,0.129,0.129
64,a1393689-5477-42b4-9695-825965cae74d,0|1|2|3|4|5|6|7|8|9|10|11|12|13|16|15|21|14|20|19|22|17|18,fast,0.129,0.129
65,dc3282f4-e0cb-4299-a8b2-911ca1e28249,0|1|2|3|4|5|6|7|8|9|10|11|12|13|15|16|19|20|21|14|18|22|17,fast,0.129,0.129
66,9ceb7492-fe10-4e8e-8453-a87fd4d312c2,0|1|2|3|4|5|6|7|8|9|10|11|12|13|17|16|14|15|22|18|19|20|21,fast,0.128,0.128
67,16d57b2a-7ac8-4e5a-89a1-8c6c2ef9a510,0|1|2|3|4|5|6|7|8|9|10|11|12|13|19|16|20|14|17|22|15|21|18,fast,0.128,0.128
68,23ecac2a-63fe-46dc-a58a-4d671eaed6e5,0|1|2|3|4|5|6|7|8|9|10|11|12|13|19|16|18|20|21|22|15|17|14,fast,0.13,0.13
69,db1cd2bb-4218-4f6d-b1b6-d6c591319467,0|1|2|3|4|5|6|7|8|9|10|11|12|13|19|20|16|22|14|21|17|15|18,fast,0.13,0.13
70,af653ec1-5224-4054-9b62-b44acfd6e83d,0|1|2|3|4|5|6|7|8|9|10|11|12|13|21|20|17|14|16|18|19|22|15,fast,0.128,0.128
71,ac5e102d-b499-4d68-ab39-fc345324c358,0|1|2|3|4|5|6|7|8|9|10|11|12|13|18|17|22|14|16|15|20|19|21,fast,0.131,0.131
72,6abec00e-fdae-496d-9011-edeb0a8638dd,0|1|2|3|4|5|6|7|8|9|10|11|12|13|20|15|21|19|17|22|16|14|18,fast,0.13,0.13
73,68d15b8b-7798-4a59-9b05-6d45621fd3db,0|1|2|3|4|5|6|7|8|9|10|11|12|13|18|19|21|22|20|17|15|16|14,fast,0.13,0.13
74,7cb3500b-53c2-4369-8bf5-ae4095ac6673,0|1|2|3|4|5|6|7|8|9|10|11|12|13|14|17|22|18|20|16|15|21|19,fast,0.129,0.129
75,db0a428d-5f07-4a0a-9667-45ad82e5d428,0|1|2|3|4|5|6|7|8|9|10|11|12|13|14|16|15|20|22|21|18|19|17,fast,0.128,0.128
76,fb510c92-7819-4778-af7e-f391c4c7544b,0|1|2|3|4|5|6|7|8|9|10|11|12|13|22|19|18|14|20|15|16|17|21,fast,0.129,0.129
77,3736a654-73f2-4e7a-be46-c4b4c99a536b,0|1|2|3|4|5|6|7|8|9|10|11|12|13|22|20|15|18|21|16|17|19|14,fast,0.129,0.129
78,d2aa95d5-d211-4509-a3f4-e14619f29b14,0|1|2|3|4|5|6|7|8|9|10|11|12|13|16|19|14|17|20|15|21|22|18,fast,0.129,0.129
79,7268bc10-785f-4ee8-a312-3c45d528d00e,0|1|2|3|4|5|6|7|8|9|10|11|12|13|18|21|15|14|16|22|20|17|19,fast,0.128,0.128
80,03862848-22e2-42a8-acce-1b94be0429e8,0|1|2|3|4|5|6|7|8|9|10|11|12|13|18|20|17|19|21|15|16|22|14,fast,0.129,0.129
81,d894892b-c3fb-4b1f-ac59-16b135f6bc2e,0|1|2|3|4|5|6|7|8|9|10|11|12|13|20|18|16|22|15|21|19|17|14,fast,0.13,0.13
82,87a522ea-3cb0-4925-afbe-506a6c512a1b,0|1|2|3|4|5|6|7|8|9|10|11|12|13|17|18|22|16|19|14|15|20|21,fast,0.13,0.13
83,bee94d60-5b18-4bb2-bc38-ce777d5d4b8d,0|1|2|3|4|5|6|7|8|9|10|11|12|13|21|22|18|17|15|20|14|16|19,fast,0.128,0.128
84,f46d352c-8782-438c-a850-1154f71ced00,0|1|2|3|4|5|6|7|8|9|10|11|12|13|20|19|21|14|16|22|15|17|18,fast,0.128,0.128
85,e47c2ee0-d9e4-498a-9c5b-b09f4714959f,0|1|2|3|4|5|6|7|8|9|10|11|12|13|18|14|20|19|21|22|17|15|16,fast,0.13,0.13
86,1e60bffc-b611-4d37-825f-f0428a5c4939,0|1|2|3|4|5|6|7|8|9|10|11|12|13|19|15|17|21|14|16|18|20|22,fast,0.129,0.129
87,b9ab5331-8389-4956-aaed-7430d973836f,0|1|2|3|4|5|6|7|8|9|10|11|12|13|21|22|14|15|17|19|20|16|18,fast,0.13,0.13
88,b8469165-b946-4465-ba39-757ab1ab1514,0|1|2|3|4|5|6|7|8|9|10|11|12|13|16|15|21|22|14|17|18|19|20,fast,0.129,0.129
89,b6a2672b-f4f4-4e35-9c63-175d4f9edbd0,0|1|2|3|4|5|6|7|8|9|10|11|12|13|14|19|21|16|18|22|20|15|17,fast,0.129,0.129
90,fb099452-394c-44ad-8ccd-6468b6a5b10a,0|1|2|3|4|5|6|7|8|9|10|11|12|13|22|16|20|18|21|14|19|17|15,fast,0.129,0.129
91,076d9883-311b-4a6d-aafd-bbf0b86d92ef,0|1|2|3|4|5|6|7|8|9|10|11|12|13|20|18|15|14|21|19|16|22|17,fast,0.13,0.13
92,bc9d01e6-0e1f-49ae-98ad-c2aa82e921e5,0|1|2|3|4|5|6|7|8|9|10|11|12|13|21|17|18|20|15|14|19|22|16,fast,0.129,0.129
93,c22d68e3-28be-467b-94e9-515b7ccf5210,0|1|2|3|4|5|6|7|8|9|10|11|12|13|22|18|19|16|15|17|20|14|21,fast,0.127,0.127
94,6a8f8364-0454-419d-aeb2-499ae7e74d2c,0|1|2|3|4|5|6|7|8|9|10|11|12|13|19|20|16|15|22|14|17|21|18,fast,0.13,0.13
95,59f551a4-b3a3-4e2f-8dbf-23c7e030de5a,0|1|2|3|4|5|6|7|8|9|10|11|12|13|20|19|22|14|17|15|21|18|16,fast,0.13,0.13
96,97d05a77-81d4-44d0-9fa5-1849e6531e1e,0|1|2|3|4|5|6|7|8|9|10|11|12|13|18|20|14|22|19|16|15|21|17,fast,0.129,0.129
97,e2c1b947-1a9d-45e7-8aea-bf7d618edfe6,0|1|2|3|4|5|6|7|8|9|10|11|12|13|22|14|18|16|17|15|19|20|21,fast,0.13,0.13
98,07f90d86-865b-4cde-b04f-9a169c197f0d,0|1|2|3|4|5|6|7|8|9|10|11|12|13|19|21|15|14|17|22|18|16|20,fast,0.13,0.13
99,555c4e6c-5711-4f93-88a8-c737c191cb44,0|1|2|3|4|5|6|7|8|9|10|11|12|13|18|15|19|20|17|21|14|22|16,fast,0.13,0.13
100,b3fab39a-7064-43e5-9e32-6b6720a5b63f,0|1|2|3|4|5|6|7|8|9|10|11|12|13|22|21|19|16|14|17|15|18|20,fast,0.129,0.129
101,8997b30b-2241-425f-91e5-c1472b6e8928,0|1|2|3|4|5|6|7|8|9|10|11|12|13|22|14|18|20|21|16|15|17|19,fast,0.128,0.128
102,bbc01432-55ff-4482-a75c-a91492299636,0|1|2|3|4|5|6|7|8|9|10|11|12|13|20|18|15|19|21|17|14|16|22,fast,0.128,0.128
103,7144297c-e64a-4760-95f3-d2331a226558,0|1|2|3|4|5|6|7|8|9|10|11|12|13|15|16|21|14|18|20|19|17|22,fast,0.128,0.128
104,d9af294d-77d8-42b9-90d9-ebc172a76416,0|1|2|3|4|5|6|7|8|9|10|11|12|13|14|20|22|19|16|21|17|15|18,fast,0.132,0.132
105,ea8a3a63-8ecc-4cc3-9ec5-ea760dc960aa,0|1|2|3|4|5|6|7|8|9|10|11|12|13|18|14|19|21|20|22|17|15|16,fast,0.13,0.13
106,57856827-ae1f-469d-80dc-3f70b6cb0995,0|1|2|3|4|5|6|7|8|9|10|11|12|13|19|20|22|16|14|15|21|18|17,fast,0.128,0.128
107,2c407691-0d43-48b7-9d4c-eb04638e37ed,0|1|2|3|4|5|6|7|8|9|10|11|12|13|14|15|19|17|20|16|18|21|22,fast,0.129,0.129
108,acf5c3fa-0697-4e5a-aa7d-a1118ef4ee8c,0|1|2|3|4|5|6|7|8|9|10|11|12|13|15|16|17|20|14|19|22|21|18,fast,0.129,0.129
109,b114b4ad-11c6-4c9c-beec-fab0e4309866,0|1|2|3|4|5|6|7|8|9|10|11|12|13|22|21|18|14|16|15|17|19|20,fast,0.137,0.137
110,eddaa3c8-24b8-4769-9b7b-0937ea7ddfd9,0|1|2|3|4|5|6|7|8|9|10|11|12|13|14|21|15|19|22|16|20|18|17,fast,0.132,0.132
111,cb0d352f-5599-4182-ad23-7ac7577cbd5c,0|1|2|3|4|5|6|7|8|9|10|11|12|13|14|21|16|15|20|22|17|18|19,fast,0.128,0.128
112,f05a9c4b-9fe8-449b-af2d-edd1742c6f8a,0|1|2|3|4|5|6|7|8|9|10|11|12|13|16|15|18|19|22|17|21|20|14,fast,0.128,0.128
113,d1864ceb-a671-4fbe-9346-944999443023,0|1|2|3|4|5|6|7|8|9|10|11|12|13|21|15|18|22|17|14|16|19|20,fast,0.13,0.13
114,7020bb24-7885-417b-8705-b09abad28236,0|1|2|3|4|5|6|7|8|9|10|11|12|13|14|22|20|16|18|19|21|17|15,fast,0.128,0.128
115,93703aad-e2b6-4d5a-bd23-941a49086499,0|1|2|3|4|5|6|7|8|9|10|11|12|13|14|17|21|18|22|20|15|16|19,fast,0.129,0.129
116,98c78d66-ffbc-49b1-9c81-186e962e14b5,0|1|2|3|4|5|6|7|8|9|10|11|12|13|17|19|16|18|22|15|20|21|14,fast,0.13,0.13
117,945e73c1-1e88-4fb0-b08d-63ff642a846a,0|1|2|3|4|5|6|7|8|9|10|11|12|13|21|22|16|14|20|18|15|17|19,fast,0.128,0.128
118,86098074-8859-46f6-a7a7-51ed1d7844be,0|1|2|3|4|5|6|7|8|9|10|11|12|13|14|18|17|20|16|15|22|21|19,fast,0.128,0.128
119,1026c057-eea0-447f-a03a-8a671ecf11ce,0|1|2|3|4|5|6|7|8|9|10|11|12|13|18|15|21|22|20|19|17|16|14,fast,0.127,0.127
120,7c0b1af2-c1ab-48ef-ae75-18725ed8b919,0|1|2|3|4|5|6|7|8|9|10|11|12|13|14|18|21|19|22|15|20|17|16,fast,0.129,0.129
121,89d5c950-b471-45cb-a501-d7b599de4cf1,0|1|2|3|4|5|6|7|8|9|10|11|12|13|20|18|22|16|21|14|15|17|19,fast,0.127,0.127
122,e57b0ecd-ae1b-4731-8c07-f562ad4da5dd,0|1|2|3|4|5|6|7|8|9|10|11|12|13|15|14|19|22|17|18|20|21|16,fast,0.129,0.129
123,5610ac09-2090-4ee1-8415-2fcfbbb916ef,0|1|2|3|4|5|6|7|8|9|10|11|12|13|20|14|15|21|19|18|17|22|16,fast,0.129,0.129
124,e67f6d23-0321-489a-b9d3-15cdceec8262,0|1|2|3|4|5|6|7|8|9|10|11|12|13|14|21|15|16|20|17|22|19|18,fast,0.128,0.128
125,45e67859-c6c8-4168-a137-9ba510cb27ef,0|1|2|3|4|5|6|7|8|9|10|11|12|13|18|21|22|19|17|16|14|20|15,fast,0.129,0.129
126,97ac7790-2ff1-4bfd-bd08-eb43c2ec39d7,0|1|2|3|4|5|6|7|8|9|10|11|12|13|21|22|19|16|14|20|15|17|18,fast,0.13,0.13
127,a9712aae-d2f3-4c73-a68a-df5d9eb3a1b6,0|1|2|3|4|5|6|7|8|9|10|11|12|13|17|20|15|14|19|18|22|21|16,fast,0.13,0.13
128,a48be4b6-1f49-4da2-83bb-4c9534f9b8c7,0|1|2|3|4|5|6|7|8|9|10|11|12|13|21|16|22|14|15|19|17|18|20,fast,0.13,0.13
129,d40ffcaa-5d06-456f-978a-fcff6f449331,0|1|2|3|4|5|6|7|8|9|10|11|12|13|14|18|22|16|17|20|19|15|21,fast,0.129,0.129
130,625d0e5d-beb8-4e12-a858-4d6741ecd259,0|1|2|3|4|5|6|7|8|9|10|11|12|13|15|16|21|19|14|18|22|17|20,fast,0.131,0.131
131,cbf97550-84bf-43f5-9b20-fb66b4f807a1,0|1|2|3|4|5|6|7|8|9|10|11|12|13|14|21|18|22|19|20|15|16|17,fast,0.13,0.13
132,ca8d4fe9-efde-499c-ab1a-08d29f585208,0|1|2|3|4|5|6|7|8|9|10|11|12|13|22|21|15|19|16|17|18|20|14,fast,0.129,0.129
133,13c295b4-0853-4000-8dc3-84d5dbbb7133,0|1|2|3|4|5|6|7|8|9|10|11|12|13|17|18|20|14|21|16|19|22|15,fast,0.129,0.129
134,8d28bd92-791d-488d-b6b1-50751074db4d,0|1|2|3|4|5|6|7|8|9|10|11|12|13|15|20|14|21|22|17|19|16|18,fast,0.129,0.129
135,63f283e5-3db0-4192-9a0f-66dd0787d734,0|1|2|3|4|5|6|7|8|9|10|11|12|13|15|22|14|21|19|20|18|16|17,fast,0.131,0.131
136,22b5fc01-e83a-425d-9319-0134300922b9,0|1|2|3|4|5|6|7|8|9|10|11|12|13|21|17|18|16|20|15|19|14|22,fast,0.129,0.129
137,21fca06e-0b5d-44b1-b27e-c947b2208320,0|1|2|3|4|5|6|7|8|9|10|11|12|13|22|17|19|20|21|14|18|15|16,fast,0.131,0.131
138,f5d4bbd1-2781-4663-bae5-d088578da984,0|1|2|3|4|5|6|7|8|9|10|11|12|13|14|18|21|19|16|17|22|15|20,fast,0.128,0.128
139,699ff23f-ca49-4604-abbc-e66bc09e0c12,0|1|2|3|4|5|6|7|8|9|10|11|12|13|16|18|20|15|21|22|17|19|14,fast,0.129,0.129
140,dab6265d-5f82-4e29-93f8-e1949bf25dd3,0|1|2|3|4|5|6|7|8|9|10|11|12|13|22|19|15|16|14|20|18|21|17,fast,0.13,0.13
141,bd2ba245-e723-44a3-a927-96dbf1d3c1c5,0|1|2|3|4|5|6|7|8|9|10|11|12|13|19|18|14|16|15|22|21|20|17,fast,0.13,0.13
142,acf7a53f-d9d5-47e5-95fd-189b755d6dd0,0|1|2|3|4|5|6|7|8|9|10|11|12|13|22|17|21|19|20|15|18|14|16,fast,0.129,0.129
143,9d3cc2af-a3d1-4eb8-b443-58b10ae56e78,0|1|2|3|4|5|6|7|8|9|10|11|12|13|16|15|14|22|19|20|18|17|21,fast,0.13,0.13
144,e73fbfd3-1256-4bb9-86de-e71813f45a61,0|1|2|3|4|5|6|7|8|9|10|11|12|13|17|21|22|14|16|15|20|19|18,fast,0.129,0.129
145,cbc0f82c-6e55-4d66-9154-190767f7cdc9,0|1|2|3|4|5|6|7|8|9|10|11|12|13|18|17|16|22|15|20|19|14|21,fast,0.13,0.13
146,ef666cf3-a5ea-47b6-87d9-a0c68daeacb7,0|1|2|3|4|5|6|7|8|9|10|11|12|13|21|19|20|14|22|17|18|16|15,fast,0.13,0.13
147,4155c308-5685-4bc3-b725-864380926d85,0|1|2|3|4|5|6|7|8|9|10|11|12|13|17|18|15|21|20|19|16|22|14,fast,0.13,0.13
148,bccf4ccd-f94b-462e-8480-e187a2b5752b,0|1|2|3|4|5|6|7|8|9|10|11|12|13|14|20|21|18|16|19|15|22|17,fast,0.129,0.129
149,094fa37e-6894-4ce5-b478-af608fb094b6,0|1|2|3|4|5|6|7|8|9|10|11|12|13|17|22|20|18|19|16|15|14|21,fast,0.129,0.129
150,12b75348-be10-483c-86af-c1817f706fa4,0|1|2|3|4|5|6|7|8|9|10|11|12|13|15|20|19|17|18|22|21|14|16,fast,0.131,0.131
151,e5dbd6e7-0726-4304-96c9-b4c531c79abf,0|1|2|3|4|5|6|7|8|9|10|11|12|13|17|18|16|22|19|14|15|20|21,fast,0.129,0.129
152,01655917-0ccc-4938-b03c-0fc63c20d372,0|1|2|3|4|5|6|7|8|9|10|11|12|13|14|22|15|21|17|16|18|20|19,fast,0.129,0.129
153,8bee62e0-7770-4b3f-a0e2-eb60f458bdfe,0|1|2|3|4|5|6|7|8|9|10|11|12|13|15|18|21|16|14|17|19|22|20,fast,0.131,0.131
154,dce6a7b6-88d4-433b-9c2f-66f1ef2d22a6,0|1|2|3|4|5|6|7|8|9|10|11|12|13|14|15|16|22|18|19|20|17|21,fast,0.131,0.131
155,b6d6148e-6fd3-4d2e-8bd3-e79894fbda71,0|1|2|3|4|5|6|7|8|9|10|11|12|13|22|16|18|20|15|14|19|21|17,fast,0.137,0.137
156,2b14fc40-61f0-432f-949c-2a3015ed6a4d,0|1|2|3|4|5|6|7|8|9|10|11|12|13|20|16|17|18|22|19|14|15|21,fast,0.131,0.131
157,c6669d9c-e402-494a-9e6a-0a2da5b63379,0|1|2|3|4|5|6|7|8|9|10|11|12|13|16|22|18|21|14|20|19|17|15,fast,0.13,0.13
158,4faa71ae-0da3-41a5-a2be-7ab3e7fdf72c,0|1|2|3|4|5|6|7|8|9|10|11|12|13|16|21|14|19|15|22|18|20|17,fast,0.132,0.132
159,f73336c8-6eff-44af-8c16-2d5f75591eb7,0|1|2|3|4|5|6|7|8|9|10|11|12|13|22|21|14|19|17|20|18|16|15,fast,0.132,0.132
160,1d3a0e82-da31-44b5-b40a-4dde43bb794f,0|1|2|3|4|5|6|7|8|9|10|11|12|13|20|14|19|16|17|21|15|18|22,fast,0.13,0.13
161,197929f2-f70c-4837-96ce-11a5e1a65ecd,0|1|2|3|4|5|6|7|8|9|10|11|12|13|19|14|20|22|18|16|17|15|21,fast,0.13,0.13
162,765c124e-b43b-46b8-a16b-65abe578d371,0|1|2|3|4|5|6|7|8|9|10|11|12|13|17|21|19|14|18|16|15|22|20,fast,0.131,0.131
163,4a2b6ada-194e-4722-888a-c19a97de0465,0|1|2|3|4|5|6|7|8|9|10|11|12|13|22|15|19|21|14|20|17|18|16,fast,0.13,0.13
164,74174592-8798-491d-9084-6aeebac760bc,0|1|2|3|4|5|6|7|8|9|10|11|12|13|19|15|16|20|17|14|18|21|22,fast,0.132,0.132
165,6b24d654-0434-4fd4-8e17-b363ecbb743e,0|1|2|3|4|5|6|7|8|9|10|11|12|13|20|21|17|19|15|14|16|22|18,fast,0.136,0.136
166,be37bb9d-b878-45c3-b958-1d805d9c7cd4,0|1|2|3|4|5|6|7|8|9|10|11|12|13|22|14|17|16|20|21|18|15|19,fast,0.13,0.13
167,8a4675e8-7b46-4b74-a8d4-1c7f031ff44d,0|1|2|3|4|5|6|7|8|9|10|11|12|13|18|15|16|21|22|14|17|20|19,fast,0.13,0.13
168,7af42ba1-45d2-4057-9d19-b5bee5cc0768,0|1|2|3|4|5|6|7|8|9|10|11|12|13|14|18|16|21|15|20|17|22|19,fast,0.13,0.13
169,fc933c59-4183-4541-a8ef-4c12b704a5e5,0|1|2|3|4|5|6|7|8|9|10|11|12|13|17|22|14|19|16|20|21|18|15,fast,0.132,0.132
170,e49cb761-618c-4c1d-bf98-9722e4db0c6d,0|1|2|3|4|5|6|7|8|9|10|11|12|13|15|18|14|17|21|16|20|22|19,fast,0.129,0.129
171,c80b96f9-2933-4c6b-8650-a88088421115,0|1|2|3|4|5|6|7|8|9|10|11|12|13|14|20|17|19|15|22|16|21|18,fast,0.13,0.13
172,6943a219-27c3-47a4-b2e7-fd4f8d0f277f,0|1|2|3|4|5|6|7|8|9|10|11|12|13|16|14|15|21|20|17|18|19|22,fast,0.132,0.132
173,e7bc4fb9-5adf-44a0-ba1e-325938d4eca9,0|1|2|3|4|5|6|7|8|9|10|11|12|13|20|16|15|18|21|19|14|17|22,fast,0.136,0.136
174,f407d086-72aa-4020-a620-525938761f23,0|1|2|3|4|5|6|7|8|9|10|11|12|13|17|20|18|21|22|14|16|15|19,fast,0.131,0.131
175,015c390f-a384-41bb-b485-5fb1e79c572d,0|1|2|3|4|5|6|7|8|9|10|11|12|13|19|22|15|17|14|16|21|18|20,fast,0.13,0.13
176,27b23ba6-1efd-4338-9822-af863ac176b1,0|1|2|3|4|5|6|7|8|9|10|11|12|13|18|22|16|21|15|20|14|17|19,fast,0.128,0.128
177,74c86703-e72e-4b23-9d4a-3f2e4559cd07,0|1|2|3|4|5|6|7|8|9|10|11|12|13|18|19|15|21|22|17|16|20|14,fast,0.132,0.132
178,e4f44367-c792-4fd4-80ce-065584781db7,0|1|2|3|4|5|6|7|8|9|10|11|12|13|20|15|21|17|14|19|18|16|22,fast,0.129,0.129
179,0010042d-db06-44e9-abb7-b991d66a6bf9,0|1|2|3|4|5|6|7|8|9|10|11|12|13|18|19|17|15|16|14|20|22|21,fast,0.13,0.13
180,48d41cbd-26f5-40ff-b9bf-d03af60c6b13,0|1|2|3|4|5|6|7|8|9|10|11|12|13|19|14|21|22|18|16|20|15|17,fast,0.129,0.129
181,0a1c15d3-35e3-4fb5-9a0b-8345db42f5ce,0|1|2|3|4|5|6|7|8|9|10|11|12|13|17|14|19|15|16|18|20|21|22,fast,0.129,0.129
182,880802e2-cc59-4335-8937-f58f406901ad,0|1|2|3|4|5|6|7|8|9|10|11|12|13|16|15|18|20|14|21|19|17|22,fast,0.13,0.13
183,5902a237-b3b9-4623-8d34-31dc4792ed6a,0|1|2|3|4|5|6|7|8|9|10|11|12|13|16|21|17|22|18|19|15|20|14,fast,0.129,0.129
184,7a4a3da8-4905-4046-a877-ae7e54001677,0|1|2|3|4|5|6|7|8|9|10|11|12|13|17|14|22|19|15|21|20|18|16,fast,0.13,0.13
185,bf76e873-f6e7-438a-bd14-ae8eee3b9d29,0|1|2|3|4|5|6|7|8|9|10|11|12|13|22|14|20|16|18|17|19|21|15,fast,0.129,0.129
186,c269d44e-f1ed-45ec-816f-599e13f88064,0|1|2|3|4|5|6|7|8|9|10|11|12|13|16|21|18|19|14|20|17|15|22,fast,0.129,0.129
187,88215cd4-5358-458a-9ba5-837dba0a12e0,0|1|2|3|4|5|6|7|8|9|10|11|12|13|17|21|14|18|16|22|19|20|15,fast,0.131,0.131
188,43a99720-3a41-4f89-b373-379b29f8cab1,0|1|2|3|4|5|6|7|8|9|10|11|12|13|14|21|16|18|17|19|15|22|20,fast,0.129,0.129
189,dc88040f-0c4a-4f5b-8a09-e9a459a39cd5,0|1|2|3|4|5|6|7|8|9|10|11|12|13|22|14|19|21|15|17|20|18|16,fast,0.13,0.13
190,f2295eaf-77e2-4474-8882-4269c1b2d92e,0|1|2|3|4|5|6|7|8|9|10|11|12|13|17|20|21|18|19|16|14|22|15,fast,0.131,0.131
191,08a9bb47-fb69-4257-aacf-b7123b6c664d,0|1|2|3|4|5|6|7|8|9|10|11|12|13|15|20|22|19|21|17|16|18|14,fast,0.128,0.128
192,a00a4f04-9e69-496a-a8bd-ed1cb7698fb1,0|1|2|3|4|5|6|7|8|9|10|11|12|13|17|19|15|22|14|20|18|16|21,fast,0.128,0.128
193,7c86c34c-bab2-4528-991a-277aee44e979,0|1|2|3|4|5|6|7|8|9|10|11|12|13|15|18|14|22|19|17|20|21|16,fast,0.13,0.13
194,4ff9081f-02a7-4c07-8f2f-eaa0ea362662,0|1|2|3|4|5|6|7|8|9|10|11|12|13|16|21|15|20|17|18|22|19|14,fast,0.129,0.129
195,7b8fe09e-4986-4adf-84ec-21eec2de736e,0|1|2|3|4|5|6|7|8|9|10|11|12|13|22|18|14|21|20|19|17|16|15,fast,0.13,0.13
196,aa9cce90-f575-4e50-a3bb-24668c1966a4,0|1|2|3|4|5|6|7|8|9|10|11|12|13|15|21|20|16|18|14|17|22|19,fast,0.128,0.128
197,97e8a34e-9a9c-4056-b761-2aa65440f2f9,0|1|2|3|4|5|6|7|8|9|10|11|12|13|17|21|18|19|22|15|16|20|14,fast,0.13,0.13
198,7fae1832-9f92-49c5-8d4e-6dc936c360e7,0|1|2|3|4|5|6|7|8|9|10|11|12|13|18|19|14|16|22|17|21|20|15,fast,0.129,0.129
199,a99fec68-9024-4904-bd0d-a4af8a56acf7,0|1|2|3|4|5|6|7|8|9|10|11|12|13|18|19|21|22|14|17|16|15|20,fast,0.129,0.129
200,6e2589c8-6c11-4924-9f01-66e6d4b0e7a5,0|1|2|3|4|5|6|7|8|9|10|11|12|13|19|20|18|15|22|17|21|14|16,fast,0.13,0.13
201,18bfe0bf-3e05-4332-a4fd-93818fed3639,0|1|2|3|4|5|6|7|8|9|10|11|12|13|14|20|18|17|16|22|19|21|15,fast,0.13,0.13
202,b140b496-0d38-49e0-bceb-5031fb08b9cc,0|1|2|3|4|5|6|7|8|9|10|11|12|13|17|19|20|16|14|22|18|21|15,fast,0.128,0.128
203,b118cc36-ce79-4943-9ebe-7998ef054e9b,0|1|2|3|4|5|6|7|8|9|10|11|12|13|15|16|18|22|14|19|20|21|17,fast,0.132,0.132
204,2e6863c2-9925-496a-a696-b373cfd05e71,0|1|2|3|4|5|6|7|8|9|10|11|12|13|15|20|16|21|17|22|14|19|18,fast,0.132,0.132
205,ba1411be-7bd6-413d-a798-e17e7b7be44e,0|1|2|3|4|5|6|7|8|9|10|11|12|13|16|21|22|19|15|20|18|17|14,fast,0.13,0.13
206,ccfa8d54-d1bb-41d0-b554-1733edf6d426,0|1|2|3|4|5|6|7|8|9|10|11|12|13|20|14|18|17|15|16|21|22|19,fast,0.13,0.13
207,f8f77b16-e290-4b5c-8ddb-264db7858a53,0|1|2|3|4|5|6|7|8|9|10|11|12|13|17|15|20|18|22|19|21|16|14,fast,0.131,0.131
208,533e0562-44f8-447c-ae05-bfb23f248039,0|1|2|3|4|5|6|7|8|9|10|11|12|13|22|20|18|14|19|21|17|16|15,fast,0.131,0.131
209,cabb4a67-2cb4-49ec-859a-da2e4244257b,0|1|2|3|4|5|6|7|8|9|10|11|12|13|19|22|21|16|20|14|15|18|17,fast,0.129,0.129
210,0c194846-064e-46ac-8e3f-a5d85acaaba4,0|1|2|3|4|5|6|7|8|9|10|11|12|13|20|22|16|15|18|21|14|17|19,fast,0.13,0.13
211,fe398221-5a72-4331-b034-1e4f83dedbe3,0|1|2|3|4|5|6|7|8|9|10|11|12|13|16|22|18|21|19|14|20|15|17,fast,0.131,0.131
212,39e11c4d-a253-4d79-b0eb-6b8b61cdc1aa,0|1|2|3|4|5|6|7|8|9|10|11|12|13|19|18|20|14|16|22|21|17|15,fast,0.133,0.133
213,1b77e588-a326-49db-b342-2ecbaa1eb595,0|1|2|3|4|5|6|7|8|9|10|11|12|13|14|19|17|21|16|18|20|22|15,fast,0.14,0.14
214,3771365d-9d2a-4efb-be5e-5290c8bc631e,0|1|2|3|4|5|6|7|8|9|10|11|12|13|14|15|20|19|17|16|21|22|18,fast,0.134,0.134
215,5c25cb5c-5b5a-4b6a-adbf-a55c474fea53,0|1|2|3|4|5|6|7|8|9|10|11|12|13|16|21|18|15|14|20|17|19|22,fast,0.13,0.13
216,e70656d3-d240-4172-b891-9f954da68b77,0|1|2|3|4|5|6|7|8|9|10|11|12|13|22|18|19|17|16|14|21|15|20,fast,0.129,0.129
217,7bfb314e-02e1-4a81-bb56-38a0db1b2df0,0|1|2|3|4|5|6|7|8|9|10|11|12|13|15|21|16|22|14|20|17|18|19,fast,0.13,0.13
218,0a8d54de-1183-4824-8ae9-409814db0117,0|1|2|3|4|5|6|7|8|9|10|11|12|13|21|22|15|19|17|16|18|20|14,fast,0.132,0.132
219,215e35c2-fe59-4296-98c8-baa029146660,0|1|2|3|4|5|6|7|8|9|10|11|12|13|18|14|16|19|22|21|20|17|15,fast,0.13,0.13
220,157b8d7e-7c27-49fb-a072-176d6ace710f,0|1|2|3|4|5|6|7|8|9|10|11|12|13|21|18|16|19|15|20|17|14|22,fast,0.132,0.132
221,b4ce6dd4-c367-451e-9f87-d8dbe12c2161,0|1|2|3|4|5|6|7|8|9|10|11|12|13|20|14|16|19|17|22|18|15|21,fast,0.13,0.13
222,cf66a700-595f-4a36-9fa6-35b9e4825e73,0|1|2|3|4|5|6|7|8|9|10|11|12|13|18|22|15|16|20|19|14|21|17,fast,0.131,0.131
223,891fa6a0-4a94-407c-acd7-19a127b00ce5,0|1|2|3|4|5|6|7|8|9|10|11|12|13|20|14|15|18|17|19|21|16|22,fast,0.132,0.132
224,033bb1d3-7410-4ae2-94d7-84aa60daba32,0|1|2|3|4|5|6|7|8|9|10|11|12|13|21|17|14|18|20|19|22|15|16,fast,0.128,0.128
225,a041f3cf-40ac-4dab-aaa0-b147edc8cf9f,0|1|2|3|4|5|6|7|8|9|10|11|12|13|21|16|17|19|20|15|14|22|18,fast,0.13,0.13
226,5cc042b7-5671-4722-b515-d84416daae96,0|1|2|3|4|5|6|7|8|9|10|11|12|13|17|15|14|20|18|22|16|21|19,fast,0.132,0.132
227,83e1763b-e191-4dae-90a7-3aed2cf19111,0|1|2|3|4|5|6|7|8|9|10|11|12|13|20|18|19|21|14|22|15|16|17,fast,0.13,0.13
228,813fe1cd-1f60-4535-8765-9882baeff59d,0|1|2|3|4|5|6|7|8|9|10|11|12|13|19|15|16|17|21|18|22|20|14,fast,0.131,0.131
229,290d2ce3-14d1-4c1c-978e-082c308dd00c,0|1|2|3|4|5|6|7|8|9|10|11|12|13|17|20|15|19|14|18|21|22|16,fast,0.13,0.13
230,3810bb33-ce03-46fe-abee-59ed3783a0ee,0|1|2|3|4|5|6|7|8|9|10|11|12|13|21|16|19|20|18|22|15|14|17,fast,0.129,0.129
231,ccf62cb2-db1e-4ca8-95b7-b6ea4a192c38,0|1|2|3|4|5|6|7|8|9|10|11|12|13|16|15|22|19|14|20|21|18|17,fast,0.13,0.13
232,abbcc1a5-0a1e-47da-b292-51e58e88937d,0|1|2|3|4|5|6|7|8|9|10|11|12|13|20|14|21|19|22|17|15|18|16,fast,0.134,0.134
233,9dc39d32-a949-45f2-9204-ac98eb950df9,0|1|2|3|4|5|6|7|8|9|10|11|12|13|20|17|21|14|16|15|19|22|18,fast,0.13,0.13
234,379f042c-5b28-49f5-9bb0-534f1f9a7b65,0|1|2|3|4|5|6|7|8|9|10|11|12|13|20|18|16|15|21|14|22|19|17,fast,0.13,0.13
235,886406c4-2bbe-4f26-95e1-bc952b73299b,0|1|2|3|4|5|6|7|8|9|10|11|12|13|21|22|18|16|20|17|15|19|14,fast,0.129,0.129
236,020e1cc2-eb45-4af5-97f4-3101d59ba01c,0|1|2|3|4|5|6|7|8|9|10|11|12|13|18|15|16|20|19|22|21|14|17,fast,0.131,0.131
237,761b4dc2-fdbc-46ab-81ff-0c41286a7053,0|1|2|3|4|5|6|7|8|9|10|11|12|13|18|14|20|22|19|17|21|16|15,fast,0.137,0.137
238,47d76f70-23d5-4da5-9717-4d8383f97aa0,0|1|2|3|4|5|6|7|8|9|10|11|12|13|19|22|20|14|18|15|21|16|17,fast,0.131,0.131
239,bf3aff86-f182-4290-9dcd-655651ff992c,0|1|2|3|4|5|6|7|8|9|10|11|12|13|17|14|18|15|22|19|20|16|21,fast,0.133,0.133
240,220e35fe-588e-4c57-8a8c-3541b11b9464,0|1|2|3|4|5|6|7|8|9|10|11|12|13|16|19|20|14|22|18|21|15|17,fast,0.133,0.133
241,48eb4284-3568-424e-bcf3-7ae10620dde2,0|1|2|3|4|5|6|7|8|9|10|11|12|13|15|19|17|18|21|16|14|20|22,fast,0.131,0.131
242,d1198d19-8903-4e5c-8727-a2c10c5d5f17,0|1|2|3|4|5|6|7|8|9|10|11|12|13|19|15|14|21|16|17|22|20|18,fast,0.131,0.131
243,75c2490e-1eca-423b-bdfb-aa2d3f0771d1,0|1|2|3|4|5|6|7|8|9|10|11|12|13|20|16|21|19|18|15|17|22|14,fast,0.131,0.131
244,bd54430e-d15c-4849-a72b-cea7fabd844c,0|1|2|3|4|5|6|7|8|9|10|11|12|13|22|20|17|18|14|15|19|21|16,fast,0.13,0.13
245,0a431216-8fe4-4ac4-8ab3-185f9abc6489,0|1|2|3|4|5|6|7|8|9|10|11|12|13|18|19|17|22|16|14|15|20|21,fast,0.131,0.131
246,8b2944ff-82a9-4a37-9e4a-4ee289cdd45a,0|1|2|3|4|5|6|7|8|9|10|11|12|13|19|17|15|16|14|22|20|21|18,fast,0.131,0.131
247,53817715-c03b-48b3-989b-3c8b01f6a9be,0|1|2|3|4|5|6|7|8|9|10|11|12|13|21|15|16|19|20|18|17|14|22,fast,0.132,0.132
248,cc73350f-9413-4fac-8463-ff15ba60651a,0|1|2|3|4|5|6|7|8|9|10|11|12|13|20|22|15|17|19|14|21|16|18,fast,0.132,0.132
249,828a6a41-ef7e-402d-ba99-99b76f1085c2,0|1|2|3|4|5|6|7|8|9|10|11|12|13|15|16|22|19|17|20|21|14|18,fast,0.132,0.132
